<?xml version="1.0"?>
<info locale="device_locale_strings.xml">
	<device>
		<value>0</value>
		<meta>
			<visible>false</visible>
			<type>options.int32</type>
			<desc>设备索引</desc>
			<options>
				<option type="int32" value="0" desc="0"></option>
				<option type="int32" value="1" desc="1"></option>
				<option type="int32" value="2" desc="2"></option>
				<option type="int32" value="3" desc="3"></option>
				<option type="int32" value="4" desc="4"></option>
				<option type="int32" value="5" desc="5"></option>
				<option type="int32" value="6" desc="6"></option>
				<option type="int32" value="7" desc="7"></option>
				<option type="int32" value="8" desc="8"></option>
				<option type="int32" value="9" desc="9"></option>
				<option type="int32" value="10" desc="10"></option>
				<option type="int32" value="11" desc="1"></option>
				<option type="int32" value="12" desc="12"></option>
				<option type="int32" value="13" desc="13"></option>
				<option type="int32" value="14" desc="14"></option>
				<option type="int32" value="15" desc="15"></option>
				<option type="int32" value="16" desc="16"></option>
				<option type="int32" value="17" desc="17"></option>
				<option type="int32" value="18" desc="18"></option>
				<option type="int32" value="19" desc="19"></option>
				<option type="int32" value="20" desc="20"></option>
				<option type="int32" value="21" desc="21"></option>
				<option type="int32" value="22" desc="22"></option>
				<option type="int32" value="23" desc="23"></option>
				<option type="int32" value="24" desc="24"></option>
				<option type="int32" value="25" desc="25"></option>
				<option type="int32" value="26" desc="26"></option>
				<option type="int32" value="27" desc="27"></option>
				<option type="int32" value="28" desc="28"></option>
				<option type="int32" value="29" desc="29"></option>
				<option type="int32" value="30" desc="30"></option>
				<option type="int32" value="31" desc="31"></option>
			</options>
		</meta>
	</device>
	<channel>
		<value>0</value>
		<meta>
			<visible>false</visible>
			<type>options.int32</type>
			<desc>通道号</desc>
			<options>
				<option type="int32" value="0" desc="Channel 0"></option>
				<option type="int32" value="1" desc="Channel 1"></option>
				<option type="int32" value="2" desc="Channel 2"></option>
				<option type="int32" value="3" desc="Channel 3"></option>
			</options>
		</meta>
		<channel_0 stream="channel_0" case="parent-value=0">
                        <work_mode flag="0x0004" at_initcan="pre">
				<value>1</value>
				<meta>
					<type>options.int32</type>
					<desc>工作模式</desc>
					<options>
						<option type="int32" value="1" desc="mode_server"></option>
						<option type="int32" value="0" desc="mode_client"></option>
					</options>
				</meta>
			</work_mode>
                        <local_port flag="0x0002" at_initcan="pre">
				<value>4001</value>
				<meta>
                    <visible>$/info/channel/channel_0/work_mode == 0</visible>
					<type>uint32</type>
					<desc>本地端口</desc>
				</meta>
			</local_port>
            <ip flag="0x0000" at_initcan="pre">
				<value>192.168.0.177</value>
				<meta>
                    <visible>$/info/channel/channel_0/work_mode == 1</visible>
					<type>string</type>
					<desc>ip</desc>
				</meta>
			</ip>
            <work_port flag="0x0001" at_initcan="pre">
				<value>4002</value>
				<meta>
                    <visible>$/info/channel/channel_0/work_mode == 1</visible>
					<type>uint32</type>
					<desc>工作端口</desc>
				</meta>
			</work_port>
		</channel_0>
		<channel_1 stream="channel_1" case="parent-value=1">
                <work_mode flag="0x0104" at_initcan="pre">
				<value>1</value>
				<meta>
					<type>options.int32</type>
					<desc>工作模式</desc>
					<options>
						<option type="int32" value="1" desc="mode_server"></option>
						<option type="int32" value="0" desc="mode_client"></option>
					</options>
				</meta>
			</work_mode>
            <local_port flag="0x0102" at_initcan="pre">
				<value>4001</value>
				<meta>
                <visible>$/info/channel/channel_1/work_mode == 0</visible>
					<type>uint32</type>
					<desc>本地端口</desc>
				</meta>
			</local_port>
            <ip flag="0x0100" at_initcan="pre">
				<value>192.168.0.177</value>
				<meta>
                    <visible>$/info/channel/channel_1/work_mode == 1</visible>
					<type>string</type>
					<desc>ip</desc>
				</meta>
			</ip>
            <work_port flag="0x0101" at_initcan="pre">
				<value>4002</value>
				<meta>
                    <visible>$/info/channel/channel_1/work_mode == 1</visible>
					<type>uint32</type>
					<desc>工作端口</desc>
				</meta>
			</work_port>
		</channel_1>
		<channel_2 stream="channel_2" case="parent-value=2">
                <work_mode flag="0x0204" at_initcan="pre">
				<value>1</value>
				<meta>
					<type>options.int32</type>
					<desc>工作模式</desc>
					<options>
						<option type="int32" value="1" desc="mode_server"></option>
						<option type="int32" value="0" desc="mode_client"></option>
					</options>
				</meta>
			</work_mode>
            <local_port flag="0x0202" at_initcan="pre">
				<value>4001</value>
				<meta>
                <visible>$/info/channel/channel_2/work_mode == 0</visible>
					<type>uint32</type>
					<desc>本地端口</desc>
				</meta>
			</local_port>
            <ip flag="0x0200" at_initcan="pre">
				<value>192.168.0.177</value>
				<meta>
                    <visible>$/info/channel/channel_2/work_mode == 1</visible>
					<type>string</type>
					<desc>ip</desc>
				</meta>
			</ip>
            <work_port flag="0x0201" at_initcan="pre">
				<value>4002</value>
				<meta>
                    <visible>$/info/channel/channel_2/work_mode == 1</visible>
					<type>uint32</type>
					<desc>工作端口</desc>
				</meta>
			</work_port>
		</channel_2>
		<channel_3 stream="channel_3" case="parent-value=3">
                <work_mode flag="0x0304" at_initcan="pre">
				<value>1</value>
				<meta>
					<type>options.int32</type>
					<desc>工作模式</desc>
					<options>
						<option type="int32" value="1" desc="mode_server"></option>
						<option type="int32" value="0" desc="mode_client"></option>
					</options>
				</meta>
			</work_mode>
            <local_port flag="0x0302" at_initcan="pre">
				<value>4001</value>
				<meta>
                <visible>$/info/channel/channel_3/work_mode == 0</visible>
					<type>uint32</type>
					<desc>本地端口</desc>
				</meta>
			</local_port>
            <ip flag="0x0300" at_initcan="pre">
				<value>192.168.0.177</value>
				<meta>
                    <visible>$/info/channel/channel_3/work_mode == 1</visible>
					<type>string</type>
					<desc>ip</desc>
				</meta>
			</ip>
            <work_port flag="0x0301" at_initcan="pre">
				<value>4002</value>
				<meta>
                    <visible>$/info/channel/channel_3/work_mode == 1</visible>
					<type>uint32</type>
					<desc>工作端口</desc>
				</meta>
			</work_port>
		</channel_3>
	</channel>
</info>
