﻿<?xml version="1.0" encoding="utf-8"?>
<root>
  <bms_info>
    <register_node_info>
      <address>A200</address>
      <description>电池组健康百分比SOH</description>
      <value>0</value>
      <min_value>0</min_value>
      <max_value>100</max_value>
      <unit>%</unit>
      <scale>1</scale>
      <register_num>1</register_num>
      <conversion>y=x</conversion>
    </register_node_info>
    <register_node_info>
      <address>A200</address>
      <description>BMS是否持续输出电压</description>
      <value>0</value>
      <min_value>0</min_value>
      <max_value>0</max_value>
      <unit>/</unit>
      <scale></scale>
      <register_num>1</register_num>
      <conversion>y=x</conversion>
    </register_node_info>
    <register_node_info>
      <address>A201</address>
      <description>BMS输出延时</description>
      <value>2</value>
      <min_value>0</min_value>
      <max_value>0</max_value>
      <unit>秒</unit>
      <scale>1</scale>
      <register_num>1</register_num>
      <conversion>y=x</conversion>
    </register_node_info>
    <register_node_info>
      <address>A202</address>
      <description>电池组内部温度/电池表面温度</description>
      <value>0</value>
      <min_value>0</min_value>
      <max_value>0</max_value>
      <unit>0.1K</unit>
      <scale>0.1K</scale>
      <register_num>1</register_num>
      <conversion>y=x</conversion>
    </register_node_info>
    <register_node_info>
      <address>A203</address>
      <description>电池组总电压</description>
      <value>0</value>
      <min_value>0</min_value>
      <max_value>0</max_value>
      <unit>mV</unit>
      <scale>1</scale>
      <register_num>2</register_num>
      <conversion>y=x</conversion>
    </register_node_info>
    <register_node_info>
      <address>A205</address>
      <description>电池实时电流</description>
      <value>0</value>
      <min_value>0</min_value>
      <max_value>0</max_value>
      <unit>1mA</unit>
      <scale>1</scale>
      <register_num>2</register_num>
      <conversion>y=x</conversion>
    </register_node_info>
    <register_node_info>
      <address>A207</address>
      <description>电池相对容量百分比RSOC</description>
      <value>0</value>
      <min_value>0</min_value>
      <max_value>100</max_value>
      <unit>%</unit>
      <scale>1</scale>
      <register_num>1</register_num>
      <conversion>y=x</conversion>
    </register_node_info>
    <register_node_info>
      <address>A207</address>
      <description>电池绝对容量百分比ASOC</description>
      <value>0</value>
      <min_value>0</min_value>
      <max_value>0</max_value>
      <unit>%</unit>
      <scale>1</scale>
      <register_num>1</register_num>
      <conversion>y=x</conversion>
    </register_node_info>
    <register_node_info>
      <address>A208</address>
      <description>电池剩余容量RSCAP</description>
      <value>0</value>
      <min_value>0</min_value>
      <max_value>0</max_value>
      <unit>mAh</unit>
      <scale>1</scale>
      <register_num>2</register_num>
      <conversion>y=x</conversion>
    </register_node_info>
    <register_node_info>
      <address>A20A</address>
      <description>电池满电容量</description>
      <value>0</value>
      <min_value>0</min_value>
      <max_value>0</max_value>
      <unit>mAh</unit>
      <scale>1</scale>
      <register_num>2</register_num>
      <conversion>y=x</conversion>
    </register_node_info>
    <register_node_info>
      <address>A20C</address>
      <description>电池循环次数</description>
      <value>0</value>
      <min_value>0</min_value>
      <max_value>0</max_value>
      <unit>次</unit>
      <scale>1</scale>
      <register_num>2</register_num>
      <conversion>y=x</conversion>
    </register_node_info>
    <register_node_info>
      <address>A20E</address>
      <description>保留</description>
      <value>0</value>
      <min_value>0</min_value>
      <max_value>0</max_value>
      <unit>/</unit>
      <scale>0.1</scale>
      <register_num>2</register_num>
      <conversion>y=x</conversion>
    </register_node_info>
    <register_node_info>
      <address>A210</address>
      <description>电池高16组每节电池电压</description>
      <value>0</value>
      <min_value>0</min_value>
      <max_value>0</max_value>
      <unit>mV</unit>
      <scale>1</scale>
      <register_num>16</register_num>
      <conversion>y=x</conversion>
    </register_node_info>
    <register_node_info>
      <address>A220</address>
      <description>电池低16组每节电池电压</description>
      <value>0</value>
      <min_value>0</min_value>
      <max_value>0</max_value>
      <unit>mV</unit>
      <scale></scale>
      <register_num>16</register_num>
      <conversion>y=x</conversion>
    </register_node_info>
    <register_node_info>
      <address>A230</address>
      <description>电池当前充电间隔时间</description>
      <value>0</value>
      <min_value>0</min_value>
      <max_value>0</max_value>
      <unit>分钟</unit>
      <scale>1</scale>
      <register_num>1</register_num>
      <conversion>y=x</conversion>
    </register_node_info>
    <register_node_info>
      <address>A231</address>
      <description>电池最大充电间隔时间</description>
      <value>0</value>
      <min_value>0</min_value>
      <max_value>0</max_value>
      <unit>分钟</unit>
      <scale>1</scale>
      <register_num>1</register_num>
      <conversion>y=x</conversion>
    </register_node_info>
    <register_node_info>
      <address>A232</address>
      <description>电池允许最大放电电流</description>
      <value>0</value>
      <min_value>0</min_value>
      <max_value>0</max_value>
      <unit>mA</unit>
      <scale>1</scale>
      <register_num>1</register_num>
      <conversion>y=x</conversion>
    </register_node_info>
    <register_node_info>
      <address>A233</address>
      <description>电池组允许的最大充电电压</description>
      <value>0</value>
      <min_value>0</min_value>
      <max_value>0</max_value>
      <unit>mV</unit>
      <scale>1</scale>
      <register_num>1</register_num>
      <conversion>y=x</conversion>
    </register_node_info>
    <register_node_info>
      <address>A234</address>
      <description>电池允许最大充电电流</description>
      <value>0</value>
      <min_value>0</min_value>
      <max_value>0</max_value>
      <unit>mA</unit>
      <scale>1</scale>
      <register_num>1</register_num>
      <conversion>y=x</conversion>
    </register_node_info>
    <register_node_info>
      <address>A235</address>
      <description>一级过放保护电压阈值</description>
      <value>0</value>
      <min_value>0</min_value>
      <max_value>0</max_value>
      <unit>mV</unit>
      <scale>1</scale>
      <register_num>1</register_num>
      <conversion>y=x</conversion>
    </register_node_info>
    <register_node_info>
      <address>A236</address>
      <description>LED灯显示状态</description>
      <value>0</value>
      <min_value>0</min_value>
      <max_value>0</max_value>
      <unit>Hex</unit>
      <scale>1</scale>
      <register_num>1</register_num>
      <conversion></conversion>
    </register_node_info>
    <register_node_info>
      <address>A237</address>
      <description>LED灯显示类型</description>
      <value>0</value>
      <min_value>0</min_value>
      <max_value>0</max_value>
      <unit>Hex</unit>
      <scale>1</scale>
      <register_num>1</register_num>
      <conversion></conversion>
    </register_node_info>
    <register_node_info>
      <address>A238</address>
      <description>电池状态信息</description>
      <value>0</value>
      <min_value>0</min_value>
      <max_value>0</max_value>
      <unit>/</unit>
      <scale>/</scale>
      <register_num>8</register_num>
      <conversion>/</conversion>
    </register_node_info>
    <register_node_info>
      <address>A240</address>
      <description>电芯型号</description>
      <value></value>
      <min_value>0</min_value>
      <max_value>0</max_value>
      <unit>/</unit>
      <scale></scale>
      <register_num>8</register_num>
      <conversion></conversion>
    </register_node_info>
    <register_node_info>
      <address>A248</address>
      <description>电池组内部实时时钟RTC</description>
      <value>0</value>
      <min_value>0</min_value>
      <max_value>0</max_value>
      <unit>UTC-秒</unit>
      <scale>1</scale>
      <register_num>2</register_num>
      <conversion></conversion>
    </register_node_info>
    <register_node_info>
      <address>A24A</address>
      <description>电池设计容量 (毫安时)</description>
      <value>0</value>
      <min_value>0</min_value>
      <max_value>0</max_value>
      <unit>mAh</unit>
      <scale>0.01</scale>
      <register_num>1</register_num>
      <conversion>y=x</conversion>
    </register_node_info>
    <register_node_info>
      <address>A24B</address>
      <description>电池累计放电安时数 (毫安时)</description>
      <value>0</value>
      <min_value>0</min_value>
      <max_value>0</max_value>
      <unit>mAh</unit>
      <scale>1</scale>
      <register_num>2</register_num>
      <conversion>y=x</conversion>
    </register_node_info>
    <register_node_info>
      <address>A24D</address>
      <description>电池组内部温度，第二组电芯温度探测点温度</description>
      <value>0</value>
      <min_value>0</min_value>
      <max_value>0</max_value>
      <unit>0.1K</unit>
      <scale>0.1</scale>
      <register_num>1</register_num>
      <conversion>y=x</conversion>
    </register_node_info>
    <register_node_info>
      <address>A24E</address>
      <description>电池组内部温度，第三组电芯温度探测点温度</description>
      <value>0</value>
      <min_value>0</min_value>
      <max_value>0</max_value>
      <unit>0.1K</unit>
      <scale>0.1</scale>
      <register_num>1</register_num>
      <conversion>y=x</conversion>
    </register_node_info>
    <register_node_info>
      <address>A24F</address>
      <description>电池组内部温度，第四组电芯温度探测点温度</description>
      <value>0</value>
      <min_value>0</min_value>
      <max_value>0</max_value>
      <unit>0.1K</unit>
      <scale>0.1</scale>
      <register_num>1</register_num>
      <conversion>y=x</conversion>
    </register_node_info>
    <register_node_info>
      <address>A250</address>
      <description>电池组内部温度，MOS管温度</description>
      <value>0</value>
      <min_value>0</min_value>
      <max_value>0</max_value>
      <unit>0.1K</unit>
      <scale>0.1K</scale>
      <register_num>1</register_num>
      <conversion></conversion>
    </register_node_info>
    <register_node_info>
      <address>A251</address>
      <description>电池内部湿度百分比</description>
      <value>0</value>
      <min_value>0</min_value>
      <max_value>0</max_value>
      <unit>%</unit>
      <scale>1</scale>
      <register_num>1</register_num>
      <conversion>y=x</conversion>
    </register_node_info>
    <register_node_info>
      <address>A252</address>
      <description>SOP，最大值电压/最大值电流</description>
      <value>0</value>
      <min_value>0</min_value>
      <max_value>0</max_value>
      <unit>mV/mA</unit>
      <scale>1</scale>
      <register_num>4</register_num>
      <conversion>y=x</conversion>
    </register_node_info>
    <register_node_info>
      <address>A256</address>
      <description>FCC</description>
      <value>0</value>
      <min_value>0</min_value>
      <max_value>0</max_value>
      <unit>mAh</unit>
      <scale>1</scale>
      <register_num>2</register_num>
      <conversion>y=x</conversion>
    </register_node_info>
    <register_node_info>
      <address>A258</address>
      <description>累计充电能量</description>
      <value>0</value>
      <min_value>0</min_value>
      <max_value>0</max_value>
      <unit>Wh</unit>
      <scale>1</scale>
      <register_num>4</register_num>
      <conversion>y=x</conversion>
    </register_node_info>
    <register_node_info>
      <address>A25C</address>
      <description>累计放电能量</description>
      <value>0</value>
      <min_value>0</min_value>
      <max_value>0</max_value>
      <unit>Wh</unit>
      <scale>1</scale>
      <register_num>4</register_num>
      <conversion>y=x</conversion>
    </register_node_info>

    <register_node_info>
      <address>A260</address>
      <description>绝缘电阻</description>
      <value>0</value>
      <min_value>0</min_value>
      <max_value>0</max_value>
      <unit>kΩ</unit>
      <scale>1</scale>
      <register_num>2</register_num>
      <conversion>y=x</conversion>
    </register_node_info>
    
    <register_node_info>
      <address>A262</address>
      <description>是否允许充电</description>
      <value>0</value>
      <min_value>0</min_value>
      <max_value>0</max_value>
      <unit>/</unit>
      <scale>/</scale>
      <register_num>1</register_num>
      <conversion>/</conversion>
    </register_node_info>
    
    <register_node_info>
      <address>A263</address>
      <description>电池当前允许最大实时充电电流</description>
      <value>0</value>
      <min_value>0</min_value>
      <max_value>0</max_value>
      <unit>mA</unit>
      <scale>/</scale>
      <register_num>1</register_num>
      <conversion>/</conversion>
    </register_node_info>

    <register_node_info>
      <address>A264</address>
      <description>电池使用状态</description>
      <value>0</value>
      <min_value>0</min_value>
      <max_value>0</max_value>
      <unit>/</unit>
      <scale>/</scale>
      <register_num>1</register_num>
      <conversion>/</conversion>
    </register_node_info>

  </bms_info>

  <battery_status_info>
    <address>A238</address>
    <description>电池状态信息</description>
    <register_num>8</register_num>

    <register_byte>
      <byte_index>0</byte_index>
      <byte_info>内部状态</byte_info>
      <bit_status_info>
        <bit_index>7</bit_index>
        <bit_info>充电MOS</bit_info>
        <bit_status>0</bit_status>
        <is_warning>false</is_warning>
		<is_protect>false</is_protect>
      </bit_status_info>
      <bit_status_info>
        <bit_index>6</bit_index>
        <bit_info>放电MOS</bit_info>
        <bit_status>0</bit_status>
		<is_warning>false</is_warning>
		<is_protect>false</is_protect>
      </bit_status_info>
      <bit_status_info>
        <bit_index>5</bit_index>
        <bit_info>预放电路</bit_info>
        <bit_status>0</bit_status>
		<is_warning>false</is_warning>
		<is_protect>false</is_protect>
      </bit_status_info>
      <bit_status_info>
        <bit_index>4</bit_index>
        <bit_info>预充电路</bit_info>
        <bit_status>0</bit_status>
		<is_warning>false</is_warning>
		<is_protect>false</is_protect>
      </bit_status_info>
      <bit_status_info>
        <bit_index>3</bit_index>
        <bit_info>充电器连接状态</bit_info>
        <bit_status>0</bit_status>
		<is_warning>false</is_warning>
		<is_protect>false</is_protect>
      </bit_status_info>
      <bit_status_info>
        <bit_index>2</bit_index>
        <bit_info>充电器识别状态</bit_info>
        <bit_status>0</bit_status>
		<is_warning>false</is_warning>
		<is_protect>false</is_protect>
      </bit_status_info>
      <bit_status_info>
        <bit_index>1</bit_index>
        <bit_info>DET状态</bit_info>
        <bit_status>0</bit_status>
		<is_warning>false</is_warning>
		<is_protect>false</is_protect>
      </bit_status_info>
      <bit_status_info>
        <bit_index>0</bit_index>
        <bit_info>放电使能</bit_info>
        <bit_status>0</bit_status>
		<is_warning>false</is_warning>
		<is_protect>false</is_protect>
      </bit_status_info>
    </register_byte>

    <register_byte>
      <byte_index>1</byte_index>
      <byte_info>内部状态</byte_info>
      <bit_status_info>
        <bit_index>7</bit_index>
        <bit_info>电池充电停止状态</bit_info>
        <bit_status>0</bit_status>
		<is_warning>false</is_warning>
		<is_protect>false</is_protect>
      </bit_status_info>
      <bit_status_info>
        <bit_index>6</bit_index>
        <bit_info>电池内包浸水故障</bit_info>
        <bit_status>0</bit_status>
        <is_warning>false</is_warning>
		<is_protect>false</is_protect>
      </bit_status_info>
      <bit_status_info>
        <bit_index>5</bit_index>
        <bit_info>保留</bit_info>
        <bit_status>0</bit_status>
		<is_warning>false</is_warning>
		<is_protect>false</is_protect>
      </bit_status_info>
      <bit_status_info>
        <bit_index>4</bit_index>
        <bit_info>保留</bit_info>
        <bit_status>0</bit_status>
		<is_warning>false</is_warning>
		<is_protect>false</is_protect>
      </bit_status_info>
      <bit_status_info>
        <bit_index>3</bit_index>
        <bit_info>保留</bit_info>
        <bit_status>0</bit_status>
		<is_warning>false</is_warning>
		<is_protect>false</is_protect>
      </bit_status_info>
      <bit_status_info>
        <bit_index>2</bit_index>
        <bit_info>保留</bit_info>
        <bit_status>0</bit_status>
		<is_warning>false</is_warning>
		<is_protect>false</is_protect>
      </bit_status_info>
      <bit_status_info>
        <bit_index>1</bit_index>
        <bit_info>保留</bit_info>
        <bit_status>0</bit_status>
		<is_warning>false</is_warning>
		<is_protect>false</is_protect>
      </bit_status_info>
      <bit_status_info>
        <bit_index>0</bit_index>
        <bit_info>保留</bit_info>
        <bit_status>0</bit_status>
		<is_warning>false</is_warning>
		<is_protect>false</is_protect>
      </bit_status_info>
    </register_byte>

    <register_byte>
      <byte_index>2</byte_index>
      <byte_info>Errors</byte_info>
      <bit_status_info>
        <bit_index>7</bit_index>
        <bit_info>充电MOS损坏</bit_info>
        <bit_status>0</bit_status>
		<is_warning>false</is_warning>
		<is_protect>true</is_protect>
      </bit_status_info>
      <bit_status_info>
        <bit_index>6</bit_index>
        <bit_info>放电MOS损坏</bit_info>
        <bit_status>0</bit_status>
		<is_warning>false</is_warning>
		<is_protect>true</is_protect>
      </bit_status_info>
      <bit_status_info>
        <bit_index>5</bit_index>
        <bit_info>时钟出错</bit_info>
        <bit_status>0</bit_status>
		<is_warning>false</is_warning>
		<is_protect>true</is_protect>
      </bit_status_info>
      <bit_status_info>
        <bit_index>4</bit_index>
        <bit_info>记录出错</bit_info>
        <bit_status>0</bit_status>
		<is_warning>false</is_warning>
		<is_protect>true</is_protect>
      </bit_status_info>
      <bit_status_info>
        <bit_index>3</bit_index>
        <bit_info>计量出错</bit_info>
        <bit_status>0</bit_status>
		<is_warning>false</is_warning>
		<is_protect>true</is_protect>
      </bit_status_info>
      <bit_status_info>
        <bit_index>2</bit_index>
        <bit_info>电芯不平衡</bit_info>
        <bit_status>0</bit_status>
		<is_warning>false</is_warning>
		<is_protect>true</is_protect>
      </bit_status_info>
      <bit_status_info>
        <bit_index>1</bit_index>
        <bit_info>电芯掉线</bit_info>
        <bit_status>0</bit_status>
        <is_warning>false</is_warning>
		<is_protect>true</is_protect>
      </bit_status_info>
      <bit_status_info>
        <bit_index>0</bit_index>
        <bit_info>保护IC出错</bit_info>
        <bit_status>0</bit_status>
		<is_warning>false</is_warning>
		<is_protect>true</is_protect>
      </bit_status_info>
    </register_byte>

    <register_byte>
      <byte_index>3</byte_index>
      <byte_info>Errors</byte_info>
      <bit_status_info>
        <bit_index>7</bit_index>
        <bit_info>预充超时警告</bit_info>
        <bit_status>0</bit_status>
		<is_warning>false</is_warning>
		<is_protect>true</is_protect>
      </bit_status_info>
      <bit_status_info>
        <bit_index>6</bit_index>
        <bit_info>软启动失败</bit_info>
        <bit_status>0</bit_status>
		<is_warning>false</is_warning>
		<is_protect>true</is_protect>
      </bit_status_info>
      <bit_status_info>
        <bit_index>5</bit_index>
        <bit_info>充电过流</bit_info>
        <bit_status>0</bit_status>
		<is_warning>false</is_warning>
		<is_protect>true</is_protect>
      </bit_status_info>
      <bit_status_info>
        <bit_index>4</bit_index>
        <bit_info>二级过流</bit_info>
        <bit_status>0</bit_status>
		<is_warning>false</is_warning>
		<is_protect>true</is_protect>
      </bit_status_info>
      <bit_status_info>
        <bit_index>3</bit_index>
        <bit_info>初级过流</bit_info>
        <bit_status>0</bit_status>
        <is_warning>false</is_warning>
		<is_protect>true</is_protect>
      </bit_status_info>
      <bit_status_info>
        <bit_index>2</bit_index>
        <bit_info>二级过放错误</bit_info>
        <bit_status>0</bit_status>
		<is_warning>false</is_warning>
		<is_protect>true</is_protect>
      </bit_status_info>
      <bit_status_info>
        <bit_index>1</bit_index>
        <bit_info>初级过放</bit_info>
        <bit_status>0</bit_status>
		<is_warning>false</is_warning>
		<is_protect>true</is_protect>
      </bit_status_info>
      <bit_status_info>
        <bit_index>0</bit_index>
        <bit_info>过充错误</bit_info>
        <bit_status>0</bit_status>
		<is_warning>false</is_warning>
		<is_protect>true</is_protect>
      </bit_status_info>
    </register_byte>

    <register_byte>
      <byte_index>4</byte_index>
      <byte_info>Errors</byte_info>
      <bit_status_info>
        <bit_index>7</bit_index>
        <bit_info>充电MOS过温</bit_info>
        <bit_status>0</bit_status>
		<is_warning>false</is_warning>
		<is_protect>true</is_protect>
      </bit_status_info>
      <bit_status_info>
        <bit_index>6</bit_index>
        <bit_info>放电MOS过温</bit_info>
        <bit_status>0</bit_status>
		<is_warning>false</is_warning>
		<is_protect>true</is_protect>
      </bit_status_info>
      <bit_status_info>
        <bit_index>5</bit_index>
        <bit_info>充电欠温</bit_info>
        <bit_status>0</bit_status>
		<is_warning>false</is_warning>
		<is_protect>true</is_protect>
      </bit_status_info>
      <bit_status_info>
        <bit_index>4</bit_index>
        <bit_info>放电欠温</bit_info>
        <bit_status>0</bit_status>
		<is_warning>false</is_warning>
		<is_protect>true</is_protect>
      </bit_status_info>
      <bit_status_info>
        <bit_index>3</bit_index>
        <bit_info>充电过温</bit_info>
        <bit_status>0</bit_status>
		<is_warning>false</is_warning>
		<is_protect>true</is_protect>
      </bit_status_info>
      <bit_status_info>
        <bit_index>2</bit_index>
        <bit_info>放电过温</bit_info>
        <bit_status>0</bit_status>
		<is_warning>false</is_warning>
		<is_protect>true</is_protect>
      </bit_status_info>
      <bit_status_info>
        <bit_index>1</bit_index>
        <bit_info>电芯温度传感器故障</bit_info>
        <bit_status>0</bit_status>
		<is_warning>false</is_warning>
		<is_protect>true</is_protect>
      </bit_status_info>
      <bit_status_info>
        <bit_index>0</bit_index>
        <bit_info>MOS温度传感器故障</bit_info>
        <bit_status>0</bit_status>
		<is_warning>false</is_warning>
		<is_protect>true</is_protect>
      </bit_status_info>
    </register_byte>

    <register_byte>
      <byte_index>5</byte_index>
      <byte_info>Errors</byte_info>
      <bit_status_info>
        <bit_index>7</bit_index>
        <bit_info>保留</bit_info>
        <bit_status>0</bit_status>
		<is_warning>false</is_warning>
		<is_protect>true</is_protect>
      </bit_status_info>
      <bit_status_info>
        <bit_index>6</bit_index>
        <bit_info>配置错误</bit_info>
        <bit_status>0</bit_status>
		<is_warning>false</is_warning>
	    <is_protect>true</is_protect>
      </bit_status_info>
      <bit_status_info>
        <bit_index>5</bit_index>
        <bit_info>保留</bit_info>
        <bit_status>0</bit_status>
        <is_warning>false</is_warning>
		<is_protect>true</is_protect>
      </bit_status_info>
      <bit_status_info>
        <bit_index>4</bit_index>
        <bit_info>三级过流</bit_info>
        <bit_status>0</bit_status>
		<is_warning>false</is_warning>
		<is_protect>true</is_protect>
      </bit_status_info>
      <bit_status_info>
        <bit_index>3</bit_index>
        <bit_info>保留</bit_info>
        <bit_status>0</bit_status>
		<is_warning>false</is_warning>
		<is_protect>true</is_protect>
      </bit_status_info>
      <bit_status_info>
        <bit_index>2</bit_index>
        <bit_info>电芯压差过大</bit_info>
        <bit_status>0</bit_status>
		<is_warning>false</is_warning>
		<is_protect>true</is_protect>
      </bit_status_info>
      <bit_status_info>
        <bit_index>1</bit_index>
        <bit_info>温差过大</bit_info>
        <bit_status>0</bit_status>
		<is_warning>false</is_warning>
		<is_protect>true</is_protect>
      </bit_status_info>
      <bit_status_info>
        <bit_index>0</bit_index>
        <bit_info>软启动电路过温</bit_info>
        <bit_status>0</bit_status>
		<is_warning>false</is_warning>
		<is_protect>true</is_protect>
      </bit_status_info>
    </register_byte>

    <register_byte>
      <byte_index>6</byte_index>
      <byte_info>Warring</byte_info>
      <bit_status_info>
        <bit_index>7</bit_index>
        <bit_info>放电时电芯不平衡警告</bit_info>
        <bit_status>0</bit_status>
		<is_warning>true</is_warning>
		<is_protect>false</is_protect>
      </bit_status_info>
      <bit_status_info>
        <bit_index>6</bit_index>
        <bit_info>充电时电芯不平衡警告</bit_info>
        <bit_status>0</bit_status>
		<is_warning>true</is_warning>
		<is_protect>false</is_protect>
      </bit_status_info>
      <bit_status_info>
        <bit_index>5</bit_index>
        <bit_info>时钟出错警告</bit_info>
        <bit_status>0</bit_status>
		<is_warning>true</is_warning>
		<is_protect>false</is_protect>
      </bit_status_info>
      <bit_status_info>
        <bit_index>4</bit_index>
        <bit_info>记录警告</bit_info>
        <bit_status>0</bit_status>
		<is_warning>true</is_warning>
		<is_protect>false</is_protect>
      </bit_status_info>
      <bit_status_info>
        <bit_index>3</bit_index>
        <bit_info>计量警告</bit_info>
        <bit_status>0</bit_status>
		<is_warning>true</is_warning>
		<is_protect>false</is_protect>
      </bit_status_info>
      <bit_status_info>
        <bit_index>2</bit_index>
        <bit_info>保留</bit_info>
        <bit_status>0</bit_status>
		<is_warning>true</is_warning>
		<is_protect>false</is_protect>
      </bit_status_info>
      <bit_status_info>
        <bit_index>1</bit_index>
        <bit_info>电芯掉线警告</bit_info>
        <bit_status>0</bit_status>
		<is_warning>true</is_warning>
		<is_protect>false</is_protect>
      </bit_status_info>
      <bit_status_info>
        <bit_index>0</bit_index>
        <bit_info>电池外包浸水故障</bit_info>
        <bit_status>0</bit_status>
		<is_warning>true</is_warning>
		<is_protect>false</is_protect>
      </bit_status_info>
    </register_byte>

    <register_byte>
      <byte_index>7</byte_index>
      <byte_info>Warring</byte_info>
      <bit_status_info>
        <bit_index>7</bit_index>
        <bit_info>保留</bit_info>
        <bit_status>0</bit_status>
		<is_warning>true</is_warning>
		<is_protect>false</is_protect>
      </bit_status_info>
      <bit_status_info>
        <bit_index>6</bit_index>
        <bit_info>保留</bit_info>
        <bit_status>0</bit_status>
		<is_warning>true</is_warning>
		<is_protect>false</is_protect>
      </bit_status_info>
      <bit_status_info>
        <bit_index>5</bit_index>
        <bit_info>充电过流警告</bit_info>
        <bit_status>0</bit_status>
		<is_warning>true</is_warning>
		<is_protect>false</is_protect>
      </bit_status_info>
      <bit_status_info>
        <bit_index>4</bit_index>
        <bit_info>保留</bit_info>
        <bit_status>0</bit_status>
		<is_warning>true</is_warning>
		<is_protect>false</is_protect>
      </bit_status_info>
      <bit_status_info>
        <bit_index>3</bit_index>
        <bit_info>初级过流警告</bit_info>
        <bit_status>0</bit_status>
        <is_warning>true</is_warning>
		<is_protect>false</is_protect>
      </bit_status_info>
      <bit_status_info>
        <bit_index>2</bit_index>
        <bit_info>二级过放警告</bit_info>
        <bit_status>0</bit_status>
		<is_warning>true</is_warning>
		<is_protect>false</is_protect>
      </bit_status_info>
      <bit_status_info>
        <bit_index>1</bit_index>
        <bit_info>初级过放警告</bit_info>
        <bit_status>0</bit_status>
        <is_warning>true</is_warning>
		<is_protect>false</is_protect>
      </bit_status_info>
      <bit_status_info>
        <bit_index>0</bit_index>
        <bit_info>过充警告</bit_info>
        <bit_status>0</bit_status>
        <is_warning>true</is_warning>
		<is_protect>false</is_protect>
      </bit_status_info>
    </register_byte>

    <register_byte>
      <byte_index>8</byte_index>
      <byte_info>Warring</byte_info>
      <bit_status_info>
        <bit_index>7</bit_index>
        <bit_info>充电MOS过温警告</bit_info>
        <bit_status>0</bit_status>
        <is_warning>true</is_warning>
		<is_protect>false</is_protect>
      </bit_status_info>
      <bit_status_info>
        <bit_index>6</bit_index>
        <bit_info>放电MOS过温警告</bit_info>
        <bit_status>0</bit_status>
        <is_warning>true</is_warning>
		<is_protect>false</is_protect>
      </bit_status_info>
      <bit_status_info>
        <bit_index>5</bit_index>
        <bit_info>充电欠温警告</bit_info>
        <bit_status>0</bit_status>
        <is_warning>true</is_warning>
		<is_protect>false</is_protect>
      </bit_status_info>
      <bit_status_info>
        <bit_index>4</bit_index>
        <bit_info>放电欠温警告</bit_info>
        <bit_status>0</bit_status>
        <is_warning>true</is_warning>
		<is_protect>false</is_protect>
      </bit_status_info>
      <bit_status_info>
        <bit_index>3</bit_index>
        <bit_info>充电过温警告</bit_info>
        <bit_status>0</bit_status>
        <is_warning>true</is_warning>
		<is_protect>false</is_protect>
      </bit_status_info>
      <bit_status_info>
        <bit_index>2</bit_index>
        <bit_info>放电过温警告</bit_info>
        <bit_status>0</bit_status>
        <is_warning>true</is_warning>
		<is_protect>false</is_protect>
      </bit_status_info>
      <bit_status_info>
        <bit_index>1</bit_index>
        <bit_info>电芯温度传感器警告</bit_info>
        <bit_status>0</bit_status>
        <is_warning>true</is_warning>
		<is_protect>false</is_protect>
      </bit_status_info>
      <bit_status_info>
        <bit_index>0</bit_index>
        <bit_info>MOS温度传感器警告</bit_info>
        <bit_status>0</bit_status>
        <is_warning>true</is_warning>
		<is_protect>false</is_protect>
      </bit_status_info>
    </register_byte>

    <register_byte>
      <byte_index>9</byte_index>
      <byte_info>Warring</byte_info>
      <bit_status_info>
        <bit_index>7</bit_index>
        <bit_info>保留</bit_info>
        <bit_status>0</bit_status>
        <is_warning>true</is_warning>
		<is_protect>false</is_protect>
      </bit_status_info>
      <bit_status_info>
        <bit_index>6</bit_index>
        <bit_info>保留</bit_info>
        <bit_status>0</bit_status>
        <is_warning>true</is_warning>
	    <is_protect>false</is_protect>
      </bit_status_info>
      <bit_status_info>
        <bit_index>5</bit_index>
        <bit_info>保留</bit_info>
        <bit_status>0</bit_status>
        <is_warning>true</is_warning>
		<is_protect>false</is_protect>
      </bit_status_info>
      <bit_status_info>
        <bit_index>4</bit_index>
        <bit_info>绝缘报警</bit_info>
        <bit_status>0</bit_status>
        <is_warning>true</is_warning>
		<is_protect>false</is_protect>
      </bit_status_info>
      <bit_status_info>
        <bit_index>3</bit_index>
        <bit_info>RCC短路报警</bit_info>
        <bit_status>0</bit_status>
        <is_warning>true</is_warning>
		<is_protect>false</is_protect>
      </bit_status_info>
      <bit_status_info>
        <bit_index>2</bit_index>
        <bit_info>VOC报警</bit_info>
        <bit_status>0</bit_status>
        <is_warning>true</is_warning>
		<is_protect>false</is_protect>
      </bit_status_info>
      <bit_status_info>
        <bit_index>1</bit_index>
        <bit_info>电芯温度不平衡警告</bit_info>
        <bit_status>0</bit_status>
        <is_warning>true</is_warning>
		<is_protect>false</is_protect>
      </bit_status_info>
      <bit_status_info>
        <bit_index>0</bit_index>
        <bit_info>软启动电路过温警告</bit_info>
        <bit_status>0</bit_status>
        <is_warning>true</is_warning>
		<is_protect>false</is_protect>
      </bit_status_info>
    </register_byte>

    <register_byte>
      <byte_index>12</byte_index>
      <byte_info>均衡状态</byte_info>
      <bit_status_info>
        <bit_index>7</bit_index>
        <bit_info>Channal8均衡</bit_info>
        <bit_status>0</bit_status>
      </bit_status_info>
      <bit_status_info>
        <bit_index>6</bit_index>
        <bit_info>Channal7均衡</bit_info>
        <bit_status>0</bit_status>
      </bit_status_info>
      <bit_status_info>
        <bit_index>5</bit_index>
        <bit_info>Channal6均衡</bit_info>
        <bit_status>0</bit_status>
      </bit_status_info>
      <bit_status_info>
        <bit_index>4</bit_index>
        <bit_info>Channal5均衡</bit_info>
        <bit_status>0</bit_status>
      </bit_status_info>
      <bit_status_info>
        <bit_index>3</bit_index>
        <bit_info>Channal4均衡</bit_info>
        <bit_status>0</bit_status>
      </bit_status_info>
      <bit_status_info>
        <bit_index>2</bit_index>
        <bit_info>Channal3均衡</bit_info>
        <bit_status>0</bit_status>
      </bit_status_info>
      <bit_status_info>
        <bit_index>1</bit_index>
        <bit_info>Channal2均衡</bit_info>
        <bit_status>0</bit_status>
      </bit_status_info>
      <bit_status_info>
        <bit_index>0</bit_index>
        <bit_info>Channal1均衡</bit_info>
        <bit_status>0</bit_status>
      </bit_status_info>
    </register_byte>

    <register_byte>
      <byte_index>13</byte_index>
      <byte_info>均衡状态</byte_info>
      <bit_status_info>
        <bit_index>7</bit_index>
        <bit_info>Channal16均衡</bit_info>
        <bit_status>0</bit_status>
      </bit_status_info>
      <bit_status_info>
        <bit_index>6</bit_index>
        <bit_info>Channal15均衡</bit_info>
        <bit_status>0</bit_status>
      </bit_status_info>
      <bit_status_info>
        <bit_index>5</bit_index>
        <bit_info>Channal14均衡</bit_info>
        <bit_status>0</bit_status>
      </bit_status_info>
      <bit_status_info>
        <bit_index>4</bit_index>
        <bit_info>Channal13均衡</bit_info>
        <bit_status>0</bit_status>
      </bit_status_info>
      <bit_status_info>
        <bit_index>3</bit_index>
        <bit_info>Channal12均衡</bit_info>
        <bit_status>0</bit_status>
      </bit_status_info>
      <bit_status_info>
        <bit_index>2</bit_index>
        <bit_info>Channal11均衡</bit_info>
        <bit_status>0</bit_status>
      </bit_status_info>
      <bit_status_info>
        <bit_index>1</bit_index>
        <bit_info>Channal10均衡</bit_info>
        <bit_status>0</bit_status>
      </bit_status_info>
      <bit_status_info>
        <bit_index>0</bit_index>
        <bit_info>Channal9均衡</bit_info>
        <bit_status>0</bit_status>
      </bit_status_info>
    </register_byte>

    <register_byte>
      <byte_index>14</byte_index>
      <byte_info>均衡状态</byte_info>
      <bit_status_info>
        <bit_index>7</bit_index>
        <bit_info>Channal24均衡</bit_info>
        <bit_status>0</bit_status>
      </bit_status_info>
      <bit_status_info>
        <bit_index>6</bit_index>
        <bit_info>Channal23均衡</bit_info>
        <bit_status>0</bit_status>
      </bit_status_info>
      <bit_status_info>
        <bit_index>5</bit_index>
        <bit_info>Channal22均衡</bit_info>
        <bit_status>0</bit_status>
      </bit_status_info>
      <bit_status_info>
        <bit_index>4</bit_index>
        <bit_info>Channal21均衡</bit_info>
        <bit_status>0</bit_status>
      </bit_status_info>
      <bit_status_info>
        <bit_index>3</bit_index>
        <bit_info>Channal20均衡</bit_info>
        <bit_status>0</bit_status>
      </bit_status_info>
      <bit_status_info>
        <bit_index>2</bit_index>
        <bit_info>Channal19均衡</bit_info>
        <bit_status>0</bit_status>
      </bit_status_info>
      <bit_status_info>
        <bit_index>1</bit_index>
        <bit_info>Channal18均衡</bit_info>
        <bit_status>0</bit_status>
      </bit_status_info>
      <bit_status_info>
        <bit_index>0</bit_index>
        <bit_info>Channal17均衡</bit_info>
        <bit_status>0</bit_status>
      </bit_status_info>
    </register_byte>
  </battery_status_info>

  <device_info>
    <register_node_info>
      <address>A000</address>
      <description>设备类型</description>
      <value>03：BMS，04：MC</value>
      <register_num>2</register_num>
    </register_node_info>
    <register_node_info>
      <address>A002</address>
      <description>固件版本号</description>
      <value>主版本.次版本.小版本.保留</value>
      <register_num>2</register_num>
    </register_node_info>
    <register_node_info>
      <address>A004</address>
      <description>硬件版本号</description>
      <value>主版本.次版本</value>
      <register_num>1</register_num>
    </register_node_info>
    <register_node_info>
      <address>A005</address>
      <description>制造厂信息</description>
      <value>abcdef0123456789</value>
      <register_num>8</register_num>
    </register_node_info>
    <register_node_info>
      <address>A00D</address>
      <description>设备SN号</description>
      <value>abcdef0123456789</value>
      <register_num>8</register_num>
    </register_node_info>
    <register_node_info>
      <address>A015</address>
      <description>硬件型号编号.客户型号编号</description>
      <value>Uint8（高）.Uint8（低）</value>
      <register_num>1</register_num>
    </register_node_info>
    <register_node_info>
      <address>A016</address>
      <description>固件版本号</description>
      <value>FWBAT-AA-BB-V001</value>
      <register_num>10</register_num>
    </register_node_info>
    <register_node_info>
      <address>A020</address>
      <description>硬件版本号</description>
      <value>HWBAT-AA-BB-V001</value>
      <register_num>10</register_num>
    </register_node_info>
    <register_node_info>
      <address>A02A</address>
      <description>当前程序状态</description>
      <value>0：boot loader程序/1：正常应用程序，且自检完成/2：正常应用程序，且未自检完成</value>
      <register_num>1</register_num>
    </register_node_info>
  </device_info>

  <mcu_info>
    <system1>
      <mcu_node_info>
        <address>A200</address>
        <description>MCU配置参数</description>
        <value>0000</value>
        <min_value>0</min_value>
        <max_value>0</max_value>
        <unit>/</unit>
        <scale>/</scale>
        <register_num>1</register_num>
        <conversion>y=x</conversion>
      </mcu_node_info>
      <mcu_node_info>
        <address>A200</address>
        <description>电量20%电压</description>
        <value>0</value>
        <min_value>0</min_value>
        <max_value>0</max_value>
        <unit>mV</unit>
        <scale>1</scale>
        <register_num>1</register_num>
        <conversion>y=x</conversion>
      </mcu_node_info>
      <mcu_node_info>
        <address>A201</address>
        <description>电量40%电压</description>
        <value>0</value>
        <min_value>0</min_value>
        <max_value>0</max_value>
        <unit>mV</unit>
        <scale>1</scale>
        <register_num>1</register_num>
        <conversion>y=x</conversion>
      </mcu_node_info>
      <mcu_node_info>
        <address>A202</address>
        <description>电量60%电压</description>
        <value>0</value>
        <min_value>0</min_value>
        <max_value>0</max_value>
        <unit>mV</unit>
        <scale>1</scale>
        <register_num>1</register_num>
        <conversion>y=x</conversion>
      </mcu_node_info>
      <mcu_node_info>
        <address>A203</address>
        <description>电量80%电压</description>
        <value>0</value>
        <min_value>0</min_value>
        <max_value>0</max_value>
        <unit>mV</unit>
        <scale>1</scale>
        <register_num>2</register_num>
        <conversion>y=x</conversion>
      </mcu_node_info>
      <mcu_node_info>
        <address>A205</address>
        <description>电量100%电压</description>
        <value>0</value>
        <min_value>0</min_value>
        <max_value>0</max_value>
        <unit>mV</unit>
        <scale>1</scale>
        <register_num>2</register_num>
        <conversion>y=x</conversion>
      </mcu_node_info>
      <mcu_node_info>
        <address>A207</address>
        <description>设计容量</description>
        <value>0</value>
        <min_value>0</min_value>
        <max_value>0</max_value>
        <unit>mAH</unit>
        <scale>1</scale>
        <register_num>1</register_num>
        <conversion>y=x</conversion>
      </mcu_node_info>
      <mcu_node_info>
        <address>A207</address>
        <description>设计电压</description>
        <value>0</value>
        <min_value>0</min_value>
        <max_value>0</max_value>
        <unit>mV</unit>
        <scale>1</scale>
        <register_num>1</register_num>
        <conversion>y=x</conversion>
      </mcu_node_info>
      <mcu_node_info>
        <address>A208</address>
        <description>满充容量</description>
        <value>0</value>
        <min_value>0</min_value>
        <max_value>0</max_value>
        <unit>mAh</unit>
        <scale>1</scale>
        <register_num>2</register_num>
        <conversion>y=x</conversion>
      </mcu_node_info>
      <mcu_node_info>
        <address>A20A</address>
        <description>单次循环放电总量</description>
        <value>0</value>
        <min_value>0</min_value>
        <max_value>0</max_value>
        <unit>mAh</unit>
        <scale>1</scale>
        <register_num>2</register_num>
        <conversion>y=x</conversion>
      </mcu_node_info>
      <mcu_node_info>
        <address>A20C</address>
        <description>循环放电次数</description>
        <value>0</value>
        <min_value>0</min_value>
        <max_value>0</max_value>
        <unit>次</unit>
        <scale>1</scale>
        <register_num>2</register_num>
        <conversion>y=x</conversion>
      </mcu_node_info>
      <mcu_node_info>
        <address>A20E</address>
        <description>剩余容量与满充容量最大差值</description>
        <value>0</value>
        <min_value>0</min_value>
        <max_value>0</max_value>
        <unit>mAh</unit>
        <scale>1</scale>
        <register_num>2</register_num>
        <conversion>y=x</conversion>
      </mcu_node_info>
      <mcu_node_info>
        <address>A210</address>
        <description>允许最低温度</description>
        <value>0</value>
        <min_value>0</min_value>
        <max_value>0</max_value>
        <unit>℃</unit>
        <scale>1</scale>
        <register_num>2</register_num>
        <conversion>y=x</conversion>
      </mcu_node_info>
      <mcu_node_info>
        <address>A220</address>
        <description>自放电率</description>
        <value>0</value>
        <min_value>0</min_value>
        <max_value>0</max_value>
        <unit>/</unit>
        <scale>/</scale>
        <register_num>2</register_num>
        <conversion>y=x</conversion>
      </mcu_node_info>
      <mcu_node_info>
        <address>A230</address>
        <description>最小电流</description>
        <value>0</value>
        <min_value>0</min_value>
        <max_value>0</max_value>
        <unit>mA</unit>
        <scale>1</scale>
        <register_num>1</register_num>
        <conversion>y=x</conversion>
      </mcu_node_info>
      <mcu_node_info>
        <address>A231</address>
        <description>低功耗模式等待时间</description>
        <value>0</value>
        <min_value>0</min_value>
        <max_value>0</max_value>
        <unit>min</unit>
        <scale>1</scale>
        <register_num>1</register_num>
        <conversion>y=x</conversion>
      </mcu_node_info>
      <mcu_node_info>
        <address>A232</address>
        <description>静置功耗模式等待时间</description>
        <value>0</value>
        <min_value>0</min_value>
        <max_value>0</max_value>
        <unit>s</unit>
        <scale>1</scale>
        <register_num>1</register_num>
        <conversion>y=x</conversion>
      </mcu_node_info>
      <mcu_node_info>
        <address>A233</address>
        <description>进入低功耗模式的延时</description>
        <value>0</value>
        <min_value>0</min_value>
        <max_value>0</max_value>
        <unit>s</unit>
        <scale>1</scale>
        <register_num>1</register_num>
        <conversion>y=x</conversion>
      </mcu_node_info>
    </system1>

    <system2>
      <mcu_node_info>
        <address>A234</address>
        <description>电池保护温度</description>
        <value>00</value>
        <min_value>0</min_value>
        <max_value>0</max_value>
        <unit>℃</unit>
        <scale>1</scale>
        <register_num>1</register_num>
        <conversion>y=x</conversion>
      </mcu_node_info>
      <mcu_node_info>
        <address>A235</address>
        <description>OcLock</description>
        <value>0</value>
        <min_value>0</min_value>
        <max_value>0</max_value>
        <unit>次</unit>
        <scale>1</scale>
        <register_num>1</register_num>
        <conversion>y=x</conversion>
      </mcu_node_info>
      <mcu_node_info>
        <address>A236</address>
        <description>SocUpdateR</description>
        <value>00</value>
        <min_value>0</min_value>
        <max_value>0</max_value>
        <unit>%</unit>
        <scale>1</scale>
        <register_num>2</register_num>
        <conversion>y=x</conversion>
      </mcu_node_info>
      <mcu_node_info>
        <address>A238</address>
        <description>有效充电时长</description>
        <value>0</value>
        <min_value>0</min_value>
        <max_value>0</max_value>
        <unit>min</unit>
        <scale>1</scale>
        <register_num>1</register_num>
        <conversion>y=x</conversion>
      </mcu_node_info>
      <mcu_node_info>
        <address>A240</address>
        <description>充电结束最大电流</description>
        <value>0</value>
        <min_value>0</min_value>
        <max_value>0</max_value>
        <unit>mA</unit>
        <scale>1</scale>
        <register_num>1</register_num>
        <conversion>y=x</conversion>
      </mcu_node_info>
      <mcu_node_info>
        <address>A248</address>
        <description>RTC备份延时</description>
        <value>0</value>
        <min_value>0</min_value>
        <max_value>0</max_value>
        <unit>s</unit>
        <scale>1</scale>
        <register_num>1</register_num>
        <conversion>y=x</conversion>
      </mcu_node_info>
      <mcu_node_info>
        <address>A24A</address>
        <description>软件版本</description>
        <value>0</value>
        <min_value>0</min_value>
        <max_value>0</max_value>
        <unit>/</unit>
        <scale>/</scale>
        <register_num>1</register_num>
        <conversion>y=x</conversion>
      </mcu_node_info>
      <mcu_node_info>
        <address>A24B</address>
        <description>硬件版本</description>
        <value>0</value>
        <min_value>0</min_value>
        <max_value>0</max_value>
        <unit>/</unit>
        <scale>/</scale>
        <register_num>1</register_num>
        <conversion>y=x</conversion>
      </mcu_node_info>
      <mcu_node_info>
        <address>A24D</address>
        <description>设备ID</description>
        <value>00</value>
        <min_value>0</min_value>
        <max_value>0</max_value>
        <unit>/</unit>
        <scale>/</scale>
        <register_num>1</register_num>
        <conversion>y=x</conversion>
      </mcu_node_info>
      <mcu_node_info>
        <address>A24E</address>
        <description>生产厂商</description>
        <value>abcdef0123456789</value>
        <min_value>0</min_value>
        <max_value>0</max_value>
        <unit>/</unit>
        <scale>/</scale>
        <register_num>1</register_num>
        <conversion>y=x</conversion>
      </mcu_node_info>
      <mcu_node_info>
        <address>A24F</address>
        <description>生产日期</description>
        <value>2020-01-01</value>
        <min_value>0</min_value>
        <max_value>0</max_value>
        <unit>/</unit>
        <scale>/</scale>
        <register_num>1</register_num>
        <conversion>y=x</conversion>
      </mcu_node_info>
      <mcu_node_info>
        <address>A250</address>
        <description>序列号</description>
        <value>0000</value>
        <min_value>0</min_value>
        <max_value>0</max_value>
        <unit>/</unit>
        <scale>/</scale>
        <register_num>1</register_num>
        <conversion>y=x</conversion>
      </mcu_node_info>
      <mcu_node_info>
        <address>A251</address>
        <description>产品名称</description>
        <value>abcdef0123456789</value>
        <min_value>0</min_value>
        <max_value>0</max_value>
        <unit>/</unit>
        <scale>/</scale>
        <register_num>1</register_num>
        <conversion>y=x</conversion>
      </mcu_node_info>
      <mcu_node_info>
        <address>A252</address>
        <description>产品化学特性</description>
        <value>abcdef0123456789</value>
        <min_value>0</min_value>
        <max_value>0</max_value>
        <unit>/</unit>
        <scale>1</scale>
        <register_num>2</register_num>
        <conversion>y=x</conversion>
      </mcu_node_info>
      <mcu_node_info>
        <address>A256</address>
        <description>电池化学ID</description>
        <value>0000</value>
        <min_value>0</min_value>
        <max_value>0</max_value>
        <unit>/</unit>
        <scale>/</scale>
        <register_num>2</register_num>
        <conversion>y=x</conversion>
      </mcu_node_info>
      <mcu_node_info>
        <address>A258</address>
        <description>总压过压值</description>
        <value>0</value>
        <min_value>0</min_value>
        <max_value>0</max_value>
        <unit>0.01V</unit>
        <scale>0.01</scale>
        <register_num>2</register_num>
        <conversion>y=x</conversion>
      </mcu_node_info>
      <mcu_node_info>
        <address>A25C</address>
        <description>总压过压恢复值</description>
        <value>0</value>
        <min_value>0</min_value>
        <max_value>0</max_value>
        <unit>0.01V</unit>
        <scale>0.01</scale>
        <register_num>2</register_num>
        <conversion>y=x</conversion>
      </mcu_node_info>
      <mcu_node_info>
        <address>A260</address>
        <description>总压过压恢复延时</description>
        <value>0</value>
        <min_value>0</min_value>
        <max_value>0</max_value>
        <unit>ms</unit>
        <scale>1</scale>
        <register_num>2</register_num>
        <conversion>y=x</conversion>
      </mcu_node_info>
      <mcu_node_info>
        <address>A258</address>
        <description>总压欠压值</description>
        <value>0</value>
        <min_value>0</min_value>
        <max_value>0</max_value>
        <unit>0.01V</unit>
        <scale>0.01</scale>
        <register_num>2</register_num>
        <conversion>y=x</conversion>
      </mcu_node_info>
      <mcu_node_info>
        <address>A25C</address>
        <description>总压欠压恢复值</description>
        <value>0</value>
        <min_value>0</min_value>
        <max_value>0</max_value>
        <unit>0.01V</unit>
        <scale>0.01</scale>
        <register_num>2</register_num>
        <conversion>y=x</conversion>
      </mcu_node_info>
      <mcu_node_info>
        <address>A260</address>
        <description>总压欠压恢复延时</description>
        <value>0</value>
        <min_value>0</min_value>
        <max_value>0</max_value>
        <unit>ms</unit>
        <scale>1</scale>
        <register_num>2</register_num>
        <conversion>y=x</conversion>
      </mcu_node_info>
    </system2>

    <charge_discharge>
      <mcu_node_info>
        <address>A258</address>
        <description>平衡开启最小电流</description>
        <value>0</value>
        <min_value>0</min_value>
        <max_value>0</max_value>
        <unit>mA</unit>
        <scale>1</scale>
        <register_num>2</register_num>
        <conversion>y=x</conversion>
      </mcu_node_info>
      <mcu_node_info>
        <address>A25C</address>
        <description>平衡开启最小压差</description>
        <value>0</value>
        <min_value>0</min_value>
        <max_value>0</max_value>
        <unit>mV</unit>
        <scale>1</scale>
        <register_num>2</register_num>
        <conversion>y=x</conversion>
      </mcu_node_info>
      <mcu_node_info>
        <address>A260</address>
        <description>平衡延时</description>
        <value>0</value>
        <min_value>0</min_value>
        <max_value>0</max_value>
        <unit>s</unit>
        <scale>1</scale>
        <register_num>2</register_num>
        <conversion>y=x</conversion>
      </mcu_node_info>
      <mcu_node_info>
        <address>A25C</address>
        <description>充电截止电压</description>
        <value>0</value>
        <min_value>0</min_value>
        <max_value>0</max_value>
        <unit>mV</unit>
        <scale>1</scale>
        <register_num>2</register_num>
        <conversion>y=x</conversion>
      </mcu_node_info>
      <mcu_node_info>
        <address>A258</address>
        <description>充电截止电流</description>
        <value>0</value>
        <min_value>0</min_value>
        <max_value>0</max_value>
        <unit>mA</unit>
        <scale>1</scale>
        <register_num>2</register_num>
        <conversion>y=x</conversion>
      </mcu_node_info>
      <mcu_node_info>
        <address>A260</address>
        <description>充电截止延时</description>
        <value>0</value>
        <min_value>0</min_value>
        <max_value>0</max_value>
        <unit>s</unit>
        <scale>1</scale>
        <register_num>2</register_num>
        <conversion>y=x</conversion>
      </mcu_node_info>
      <mcu_node_info>
        <address>A25C</address>
        <description>放电截止电压</description>
        <value>0</value>
        <min_value>0</min_value>
        <max_value>0</max_value>
        <unit>mV</unit>
        <scale>1</scale>
        <register_num>2</register_num>
        <conversion>y=x</conversion>
      </mcu_node_info>
      <mcu_node_info>
        <address>A260</address>
        <description>放电截止延时</description>
        <value>0</value>
        <min_value>0</min_value>
        <max_value>0</max_value>
        <unit>s</unit>
        <scale>1</scale>
        <register_num>2</register_num>
        <conversion>y=x</conversion>
      </mcu_node_info>
      <mcu_node_info>
        <address>A260</address>
        <description>预充时间</description>
        <value>0</value>
        <min_value>0</min_value>
        <max_value>0</max_value>
        <unit>s</unit>
        <scale>1</scale>
        <register_num>2</register_num>
        <conversion>y=x</conversion>
      </mcu_node_info>
    </charge_discharge>
  </mcu_info>
	
  <protect_param>
    <protect_voltage_param>
      <description>总压过压保护</description>
      <value>0</value>
      <min_value>0</min_value>
      <max_value>65535</max_value>
      <unit>mV</unit>
      <byte_count>2</byte_count>
	  <unsigned>true</unsigned>
    </protect_voltage_param>

    <protect_voltage_param>
      <description>总压过压延时</description>
      <value>0</value>
      <min_value>0</min_value>
      <max_value>65535</max_value>
      <unit>ms</unit>
      <byte_count>2</byte_count>
      <unsigned>true</unsigned>
    </protect_voltage_param>

    <protect_voltage_param>
      <description>总压过压保护恢复</description>
      <value>0</value>
      <min_value>0</min_value>
      <max_value>65535</max_value>
      <unit>mV</unit>
      <byte_count>2</byte_count>
      <unsigned>true</unsigned>
    </protect_voltage_param>
    
    <protect_voltage_param>
      <description>总压过压恢复延时</description>
      <value>0</value>
      <min_value>0</min_value>
      <max_value>65535</max_value>
      <unit>ms</unit>
      <byte_count>2</byte_count>
		<unsigned>true</unsigned>
    </protect_voltage_param>
    
    <protect_voltage_param>
      <description>总压欠压保护</description>
      <value>0</value>
      <min_value>0</min_value>
      <max_value>65535</max_value>
      <unit>mV</unit>
      <byte_count>2</byte_count>
		  <unsigned>true</unsigned>
    </protect_voltage_param>
    
    <protect_voltage_param>
      <description>总压欠压延时</description>
      <value>0</value>
      <min_value>0</min_value>
      <max_value>65535</max_value>
      <unit>ms</unit>
      <byte_count>2</byte_count>
		<unsigned>true</unsigned>
    </protect_voltage_param>

    <protect_voltage_param>
      <description>总压欠压保护恢复</description>
      <value>0</value>
      <min_value>0</min_value>
      <max_value>65535</max_value>
      <unit>mV</unit>
      <byte_count>2</byte_count>
		  <unsigned>true</unsigned>
    </protect_voltage_param>

    <protect_voltage_param>
      <description>总压欠压恢复延时</description>
      <value>0</value>
      <min_value>0</min_value>
      <max_value>65535</max_value>
      <unit>ms</unit>
      <byte_count>2</byte_count>
		<unsigned>true</unsigned>
    </protect_voltage_param>

    <protect_voltage_param>
      <description>单芯过压保护</description>
      <value>0</value>
      <min_value>0</min_value>
      <max_value>65535</max_value>
      <unit>mV</unit>
      <byte_count>2</byte_count>
		<unsigned>true</unsigned>
    </protect_voltage_param>
    
    <protect_voltage_param>
      <description>单芯过压延时</description>
      <value>0</value>
      <min_value>0</min_value>
      <max_value>65535</max_value>
      <unit>ms</unit>
      <byte_count>2</byte_count>
		  <unsigned>true</unsigned>
    </protect_voltage_param>
    
     <protect_voltage_param>
      <description>单芯过压保护恢复</description>
      <value>0</value>
      <min_value>0</min_value>
      <max_value>65535</max_value>
      <unit>mV</unit>
      <byte_count>2</byte_count>
	 	  <unsigned>true</unsigned>
    </protect_voltage_param>
    
    <protect_voltage_param>
      <description>单芯过压恢复延时</description>
      <value>0</value>
      <min_value>0</min_value>
      <max_value>65535</max_value>
      <unit>ms</unit>
      <byte_count>2</byte_count>
		  <unsigned>true</unsigned>
    </protect_voltage_param>

    <protect_voltage_param>
      <description>单芯欠压保护</description>
      <value>0</value>
      <min_value>0</min_value>
      <max_value>65535</max_value>
      <unit>mV</unit>
      <byte_count>2</byte_count>
		  <unsigned>true</unsigned>
    </protect_voltage_param>

    <protect_voltage_param>
      <description>单芯欠压延时</description>
      <value>0</value>
      <min_value>0</min_value>
      <max_value>65535</max_value>
      <unit>ms</unit>
      <byte_count>2</byte_count>
		  <unsigned>true</unsigned>
    </protect_voltage_param>

    <protect_voltage_param>
      <description>单芯欠压保护恢复</description>
      <value>0</value>
      <min_value>0</min_value>
      <max_value>65535</max_value>
      <unit>mV</unit>
      <byte_count>2</byte_count>
		<unsigned>true</unsigned>
    </protect_voltage_param>

    <protect_voltage_param>
      <description>单芯欠压恢复延时</description>
      <value>0</value>
      <min_value>0</min_value>
      <max_value>65535</max_value>
      <unit>ms</unit>
      <byte_count>2</byte_count>
		  <unsigned>true</unsigned>
    </protect_voltage_param>

    <protect_voltage_param>
      <description>断线保护下限</description>
      <value>0</value>
      <min_value>0</min_value>
      <max_value>65535</max_value>
      <unit>mV</unit>
      <byte_count>2</byte_count>
		  <unsigned>true</unsigned>
    </protect_voltage_param>

    <protect_voltage_param>
      <description>断线保护上限</description>
      <value>0</value>
      <min_value>0</min_value>
      <max_value>65535</max_value>
      <unit>mV</unit>
      <byte_count>2</byte_count>
		  <unsigned>true</unsigned>
    </protect_voltage_param>

    <protect_voltage_param>
      <description>断线保护延时</description>
      <value>0</value>
      <min_value>0</min_value>
      <max_value>65535</max_value>
      <unit>ms</unit>
      <byte_count>2</byte_count>
		<unsigned>true</unsigned>
    </protect_voltage_param>

    <protect_voltage_param>
      <description>电芯压差保护</description>
      <value>0</value>
      <min_value>0</min_value>
      <max_value>65535</max_value>
      <unit>mV</unit>
      <byte_count>2</byte_count>
		  <unsigned>true</unsigned>
    </protect_voltage_param>

    <protect_voltage_param>
      <description>电芯压差恢复</description>
      <value>0</value>
      <min_value>0</min_value>
      <max_value>65535</max_value>
      <unit>mV</unit>
      <byte_count>2</byte_count>
		  <unsigned>true</unsigned>
    </protect_voltage_param>

    <protect_voltage_param>
      <description>电芯压差延时</description>
      <value>0</value>
      <min_value>0</min_value>
      <max_value>65535</max_value>
      <unit>ms</unit>
      <byte_count>2</byte_count>
		<unsigned>true</unsigned>
    </protect_voltage_param>

    <protect_voltage_param>
      <description>单芯二次过压保护</description>
      <value>0</value>
      <min_value>0</min_value>
      <max_value>65535</max_value>
      <unit>mV</unit>
      <byte_count>2</byte_count>
		<unsigned>true</unsigned>
    </protect_voltage_param>

    <protect_voltage_param>
      <description>单芯二次过压保护延时</description>
      <value>0</value>
      <min_value>0</min_value>
      <max_value>65535</max_value>
      <unit>s</unit>
      <byte_count>2</byte_count>
		  <unsigned>true</unsigned>
    </protect_voltage_param>

    <protect_current_param>
      <description>放点电流1保护</description>
      <value>0</value>
      <min_value>-300000</min_value>
      <max_value>300000</max_value>
      <unit>mA</unit>
      <byte_count>4</byte_count>
			  <unsigned>false</unsigned>	
    </protect_current_param>

    <protect_current_param>
      <description>放点电流1保护延时</description>
      <value>0</value>
      <min_value>0</min_value>
      <max_value>65535</max_value>
      <unit>ms</unit>
      <byte_count>2</byte_count>
		<unsigned>true</unsigned>
    </protect_current_param>

    <protect_current_param>
      <description>放点电流2保护</description>
      <value>0</value>
      <min_value>-300000</min_value>
      <max_value>300000</max_value>
      <unit>mA</unit>
      <byte_count>4</byte_count>
		<unsigned>false</unsigned>
	</protect_current_param>

    <protect_current_param>
      <description>放点电流2保护延时</description>
      <value>0</value>
      <min_value>0</min_value>
      <max_value>65535</max_value>
      <unit>ms</unit>
      <byte_count>2</byte_count>
		<unsigned>true</unsigned>
    </protect_current_param>

    <protect_current_param>
      <description>短路保护</description>
      <value>0</value>
      <min_value>-300000</min_value>
      <max_value>300000</max_value>
      <unit>mA</unit>
      <byte_count>4</byte_count>
				  <unsigned>false</unsigned>	
    </protect_current_param>

    <protect_current_param>
      <description>短路保护延时</description>
      <value>0</value>
      <min_value>0</min_value>
      <max_value>65535</max_value>
      <unit>us</unit>
      <byte_count>2</byte_count>
		  <unsigned>true</unsigned>
    </protect_current_param>

    <protect_current_param>
      <description>充点电流1保护</description>
      <value>0</value>
      <min_value>-300000</min_value>
      <max_value>300000</max_value>
      <unit>mA</unit>
      <byte_count>4</byte_count>
		<unsigned>false</unsigned>
	</protect_current_param>

    <protect_current_param>
      <description>充点电流1保护延时</description>
      <value>0</value>
      <min_value>0</min_value>
      <max_value>65535</max_value>
      <unit>ms</unit>
      <byte_count>2</byte_count>
		  <unsigned>true</unsigned>
    </protect_current_param>

    <protect_temperature_param>
      <description>温度保护延时</description>
      <value>0</value>
      <min_value>0</min_value>
      <max_value>65535</max_value>
      <unit>ms</unit>
      <byte_count>2</byte_count>
		<unsigned>true</unsigned>
	</protect_temperature_param>

    <protect_temperature_param>
      <description>充电高温保护</description>
      <value>0</value>
      <min_value>-128</min_value>
      <max_value>127</max_value>
      <unit>℃</unit>
      <byte_count>2</byte_count>
		<unsigned>false</unsigned>
	</protect_temperature_param>

    <protect_temperature_param>
      <description>充电高温保护释放</description>
      <value>0</value>
      <min_value>-128</min_value>
      <max_value>127</max_value>
      <unit>℃</unit>
      <byte_count>2</byte_count>
		<unsigned>false</unsigned>
	</protect_temperature_param>

    <protect_temperature_param>
      <description>充电低温保护</description>
      <value>0</value>
      <min_value>-128</min_value>
      <max_value>127</max_value>
      <unit>℃</unit>
      <byte_count>2</byte_count>
		<unsigned>false</unsigned>
	</protect_temperature_param>

    <protect_temperature_param>
      <description>充电低温保护释放</description>
      <value>0</value>
      <min_value>-128</min_value>
      <max_value>127</max_value>
      <unit>℃</unit>
      <byte_count>2</byte_count>
		<unsigned>false</unsigned>
	</protect_temperature_param>

    <protect_temperature_param>
      <description>放电高温保护</description>
      <value>0</value>
      <min_value>-128</min_value>
      <max_value>127</max_value>
      <unit>℃</unit>
      <byte_count>2</byte_count>
				  <unsigned>false</unsigned>	
    </protect_temperature_param>

    <protect_temperature_param>
      <description>放电高温保护释放</description>
      <value>0</value>
      <min_value>-128</min_value>
      <max_value>127</max_value>
      <unit>℃</unit>
      <byte_count>2</byte_count>
				  <unsigned>false</unsigned>	
    </protect_temperature_param>

    <protect_temperature_param>
      <description>放电低温保护</description>
      <value>0</value>
      <min_value>-128</min_value>
      <max_value>127</max_value>
      <unit>℃</unit>
      <byte_count>2</byte_count>
				  <unsigned>false</unsigned>	
    </protect_temperature_param>

    <protect_temperature_param>
      <description>放电低温保护释放</description>
      <value>0</value>
      <min_value>-128</min_value>
      <max_value>127</max_value>
      <unit>℃</unit>
      <byte_count>2</byte_count>
		<unsigned>false</unsigned>
	</protect_temperature_param>

    <protect_temperature_param>
      <description>电芯温度差保护</description>
      <value>0</value>
      <min_value>0</min_value>
      <max_value>128</max_value>
      <unit>℃</unit>
      <byte_count>2</byte_count>
		<unsigned>true</unsigned>
	</protect_temperature_param>

    <protect_temperature_param>
      <description>电芯温度差恢复</description>
      <value>0</value>
      <min_value>0</min_value>
      <max_value>128</max_value>
      <unit>℃</unit>
      <byte_count>2</byte_count>
				  <unsigned>true</unsigned>	
    </protect_temperature_param>

    <protect_temperature_param>
      <description>MOS高温保护</description>
      <value>0</value>
      <min_value>-128</min_value>
      <max_value>127</max_value>
      <unit>℃</unit>
      <byte_count>2</byte_count>
				  <unsigned>false</unsigned>	
    </protect_temperature_param>

    <protect_temperature_param>
      <description>MOS高温保护释放</description>
      <value>0</value>
      <min_value>-128</min_value>
      <max_value>127</max_value>
      <unit>℃</unit>
      <byte_count>2</byte_count>
				  <unsigned>false</unsigned>	
    </protect_temperature_param>

    <protect_didi_warning_param>
      <description>电芯不平衡警告</description>
      <value>0</value>
      <min_value>0</min_value>
      <max_value>65535</max_value>
      <unit>mV</unit>
      <byte_count>2</byte_count>
		<unsigned>true</unsigned>
	</protect_didi_warning_param>

    <protect_didi_warning_param>
      <description>电芯不平衡警告释放</description>
      <value>0</value>
      <min_value>0</min_value>
      <max_value>65535</max_value>
      <unit>mV</unit>
      <byte_count>2</byte_count>
		<unsigned>true</unsigned>
	</protect_didi_warning_param>

    <protect_didi_warning_param>
      <description>过充警告</description>
      <value>0</value>
      <min_value>0</min_value>
      <max_value>65535</max_value>
      <unit>mV</unit>
      <byte_count>2</byte_count>
					  <unsigned>true</unsigned>	
    </protect_didi_warning_param>

    <protect_didi_warning_param>
      <description>过充警告释放</description>
      <value>0</value>
      <min_value>0</min_value>
      <max_value>65535</max_value>
      <unit>mV</unit>
      <byte_count>2</byte_count>
		<unsigned>true</unsigned>
	</protect_didi_warning_param>

    <protect_didi_warning_param>
      <description>初级过放警告</description>
      <value>0</value>
      <min_value>0</min_value>
      <max_value>100</max_value>
      <unit>/</unit>
      <byte_count>2</byte_count>
					  <unsigned>true</unsigned>	
    </protect_didi_warning_param>

    <protect_didi_warning_param>
      <description>初级过放警告释放</description>
      <value>0</value>
      <min_value>0</min_value>
      <max_value>100</max_value>
      <unit>/</unit>
      <byte_count>2</byte_count>
		<unsigned>true</unsigned>
	</protect_didi_warning_param>

    <protect_didi_warning_param>
      <description>初级过流警告</description>
      <value>0</value>
      <min_value>-300000</min_value>
      <max_value>300000</max_value>
      <unit>mA</unit>
      <byte_count>4</byte_count>
    </protect_didi_warning_param>

    <protect_didi_warning_param>
      <description>初级过流警告释放</description>
      <value>0</value>
      <min_value>-300000</min_value>
      <max_value>300000</max_value>
      <unit>mA</unit>
      <byte_count>4</byte_count>
		<unsigned>false</unsigned>
    </protect_didi_warning_param>

    <protect_didi_warning_param>
      <description>充电过流警告</description>
      <value>0</value>
      <min_value>-300000</min_value>
      <max_value>300000</max_value>
      <unit>mA</unit>
      <byte_count>4</byte_count>
					  <unsigned>false</unsigned>
    </protect_didi_warning_param>

    <protect_didi_warning_param>
      <description>充电过流警告释放</description>
      <value>0</value>
      <min_value>-300000</min_value>
      <max_value>300000</max_value>
      <unit>mA</unit>
      <byte_count>4</byte_count>
		<unsigned>false</unsigned>
    </protect_didi_warning_param>

    <protect_didi_warning_param>
      <description>放电高温警告</description>
      <value>0</value>
      <min_value>-128</min_value>
      <max_value>127</max_value>
      <unit>℃</unit>
      <byte_count>2</byte_count>
		<unsigned>false</unsigned>
    </protect_didi_warning_param>

    <protect_didi_warning_param>
      <description>放电高温警告释放</description>
      <value>0</value>
      <min_value>-128</min_value>
      <max_value>127</max_value>
      <unit>℃</unit>
      <byte_count>2</byte_count>
		<unsigned>false</unsigned>
    </protect_didi_warning_param>

    <protect_didi_warning_param>
      <description>充电高温警告</description>
      <value>0</value>
      <min_value>-128</min_value>
      <max_value>127</max_value>
      <unit>℃</unit>
      <byte_count>2</byte_count>
					  <unsigned>false</unsigned>
    </protect_didi_warning_param>

    <protect_didi_warning_param>
      <description>充电高温警告释放</description>
      <value>0</value>
      <min_value>-128</min_value>
      <max_value>127</max_value>
      <unit>℃</unit>
      <byte_count>2</byte_count>
		<unsigned>false</unsigned>
    </protect_didi_warning_param>

    <protect_didi_warning_param>
      <description>放电低温警告</description>
      <value>0</value>
      <min_value>-128</min_value>
      <max_value>127</max_value>
      <unit>℃</unit>
      <byte_count>2</byte_count>
		<unsigned>false</unsigned>
    </protect_didi_warning_param>

    <protect_didi_warning_param>
      <description>放电低温警告释放</description>
      <value>0</value>
      <min_value>-128</min_value>
      <max_value>127</max_value>
      <unit>℃</unit>
      <byte_count>2</byte_count>
		<unsigned>false</unsigned>
    </protect_didi_warning_param>

    <protect_didi_warning_param>
      <description>充电低温警告</description>
      <value>0</value>
      <min_value>-128</min_value>
      <max_value>127</max_value>
      <unit>℃</unit>
      <byte_count>2</byte_count>
					  <unsigned>false</unsigned>
    </protect_didi_warning_param>

    <protect_didi_warning_param>
      <description>充电低温警告释放</description>
      <value>0</value>
      <min_value>-128</min_value>
      <max_value>127</max_value>
      <unit>℃</unit>
      <byte_count>2</byte_count>
					  <unsigned>false</unsigned>
    </protect_didi_warning_param>

    <protect_didi_warning_param>
      <description>放电MOS高温警告</description>
      <value>0</value>
      <min_value>-128</min_value>
      <max_value>127</max_value>
      <unit>℃</unit>
      <byte_count>2</byte_count>
		<unsigned>false</unsigned>
    </protect_didi_warning_param>

    <protect_didi_warning_param>
      <description>放电MOS高温警告释放</description>
      <value>0</value>
      <min_value>-128</min_value>
      <max_value>127</max_value>
      <unit>℃</unit>
      <byte_count>2</byte_count>
					  <unsigned>false</unsigned>
    </protect_didi_warning_param>

    <protect_didi_warning_param>
      <description>电芯温度不平衡警告</description>
      <value>0</value>
      <min_value>0</min_value>
      <max_value>128</max_value>
      <unit>℃</unit>
      <byte_count>2</byte_count>
		<unsigned>true</unsigned>
    </protect_didi_warning_param>

    <protect_didi_warning_param>
      <description>电芯温度不平衡警告释放</description>
      <value>0</value>
      <min_value>0</min_value>
      <max_value>128</max_value>
      <unit>℃</unit>
      <byte_count>2</byte_count>
		<unsigned>true</unsigned>
    </protect_didi_warning_param>
	  
    <protect_didi_warning_param>
      <description>二级过放警告</description>
      <value>0</value>
      <min_value>0</min_value>
      <max_value>65535</max_value>
      <unit>mV</unit>
      <byte_count>2</byte_count>
		<unsigned>true</unsigned>
    </protect_didi_warning_param>

    <protect_didi_warning_param>
      <description>二级过放恢复警告</description>
      <value>0</value>
      <min_value>0</min_value>
      <max_value>65535</max_value>
      <unit>mV</unit>
      <byte_count>2</byte_count>
		<unsigned>true</unsigned>
    </protect_didi_warning_param>
  
  </protect_param>

</root>