﻿<?xml version="1.0" encoding="utf-8"?>
<root>
  <records>  
    <record_info>
      <record_info_node>
        <description>没有历史记录</description>
        <value>00</value>
      </record_info_node>
      <record_info_node>
        <description>第一条历史记录</description>
        <value>01</value>
      </record_info_node>
      <record_info_node>
        <description>第二条至N-1条历史记录</description>
        <value>02</value>
      </record_info_node>
      <record_info_node>
        <description>最后一条历史记录</description>
        <value>03</value>
      </record_info_node>
    </record_info>
    <record_type>
      <record_type_node>
        <description>写BMS信息</description>
        <value>00</value>
        <type>operation</type>
      </record_type_node>
      <record_type_node>
        <description>写电池包信息</description>
        <value>01</value>
        <type>operation</type>
      </record_type_node>
      <record_type_node>
        <description>写电压保护</description>
        <value>02</value>
        <type>operation</type>
      </record_type_node>
      <record_type_node>
        <description>写电流保护</description>
        <value>03</value>
        <type>operation</type>
      </record_type_node>
      <record_type_node>
        <description>写温度保护</description>
        <value>04</value>
        <type>operation</type>
      </record_type_node>
      <record_type_node>
        <description>写进水保护</description>
        <value>05</value>
        <type>operation</type>
      </record_type_node>   
      <record_type_node>
        <description>软件复位指令</description>
        <value>08</value>
        <type>operation</type>
      </record_type_node>
      <record_type_node>
        <description>休眠指令</description>
        <value>09</value>
        <type>operation</type>
      </record_type_node>
      <record_type_node>
        <description>关机指令</description>
        <value>0A</value>
        <type>operation</type>
      </record_type_node>
      <record_type_node>
        <description>写Eeprom</description>
        <value>0B</value>
        <type>operation</type>
      </record_type_node>
      <record_type_node>
        <description>写MCU</description>
        <value>0C</value>
        <type>operation</type>
      </record_type_node>
      <record_type_node>
        <description>记录擦除(操作)</description>
        <value>0D</value>
        <type>operation</type>
      </record_type_node>
      <record_type_node>
        <description>记录擦除(状态)</description>
        <value>0E</value>
        <type>operation</type>
      </record_type_node>
      <record_type_node>
        <description>恢复出厂配置</description>
        <value>0F</value>
        <type>operation</type>
      </record_type_node>

      <record_type_node>
        <description>时间校准(BQ)</description>
        <value>10</value>
        <type>operation</type>
      </record_type_node>
      <record_type_node>
        <description>时间校准(CLIENT)</description>
        <value>11</value>
        <type>operation</type>
      </record_type_node>
      <record_type_node>
        <description>零电流校准</description>
        <value>12</value>
        <type>operation</type>
      </record_type_node>
      <record_type_node>
        <description>电流校准</description>
        <value>13</value>
        <type>operation</type>
      </record_type_node>
      <record_type_node>
        <description>负载电压校准</description>
        <value>14</value>
        <type>operation</type>
      </record_type_node>
      <record_type_node>
        <description>电池电压校准</description>
        <value>15</value>
        <type>operation</type>
      </record_type_node>
      <record_type_node>
        <description>外包进水阻抗校准</description>
        <value>16</value>
        <type>operation</type>
      </record_type_node>     
      <record_type_node>
        <description>内包进水阻抗校准</description>
        <value>17</value>
        <type>operation</type>
      </record_type_node>
      
      <record_type_node>
        <description>过放指令</description>
        <value>20</value>
        <type>operation</type>
      </record_type_node>     
      <record_type_node>
        <description>SOC更新指令</description>
        <value>21</value>
        <type>operation</type>
      </record_type_node>
      <record_type_node>
        <description>时间更新</description>
        <value>22</value>
        <type>operation</type>
      </record_type_node>
      <record_type_node>
        <description>记录擦除（状态）指令</description>
        <value>23</value>
        <type>operation</type>
      </record_type_node>
      <record_type_node>
        <description>进入生产模式指令</description>
        <value>24</value>
        <type>operation</type>
      </record_type_node>
      <record_type_node>
        <description>退出生产模式指令</description>
        <value>25</value>
        <type>operation</type>
      </record_type_node>
      
      <record_type_node>
        <description>开机</description>
        <value>40</value>
        <type>status</type>
      </record_type_node>
      <record_type_node>
        <description>关机</description>
        <value>41</value>
        <type>status</type>
      </record_type_node>
      <record_type_node>
        <description>升级</description>
        <value>42</value>
        <type>status</type>
      </record_type_node>      
      <record_type_node>
        <description>充电事件</description>
        <value>48</value>
        <type>status</type>
      </record_type_node>
      <record_type_node>
        <description>容量学习成功</description>
        <value>49</value>
        <type>status</type>
      </record_type_node>
      <record_type_node>
        <description>容量数据读取异常</description>
        <value>4A</value>
        <type>status</type>
      </record_type_node>  
      <record_type_node>
        <description>外包进水唤醒</description>
        <value>4B</value>
        <type>status</type>
      </record_type_node> 
      <record_type_node>
        <description>内包进水唤醒</description>
        <value>4C</value>
        <type>status</type>
      </record_type_node>     
      
      
      <record_type_node>
        <description>看门狗复位</description>
        <value>50</value>
        <type>status</type>
      </record_type_node>
      <record_type_node>
        <description>低电压复位</description>
        <value>51</value>
        <type>status</type>
      </record_type_node>
      <record_type_node>
        <description>外部复位</description>
        <value>52</value>
        <type>status</type>
      </record_type_node>
      <record_type_node>
        <description>软件复位</description>
        <value>53</value>
        <type>status</type>
      </record_type_node>
      <record_type_node>
        <description>非法地址复位</description>
        <value>54</value>
        <type>status</type>
      </record_type_node>
      <record_type_node>
        <description>MTP_EEPROM异常关机</description>
        <value>58</value>
        <type>status</type>
      </record_type_node>
      <record_type_node>
        <description>二级过放关机</description>
        <value>59</value>
        <type>status</type>
      </record_type_node>
      <record_type_node>
        <description>关机失败复位</description>
        <value>5A</value>
        <type>status</type>
      </record_type_node>
      
      <record_type_node>
        <description>单芯过压</description>
        <value>60</value>
        <type>status</type>
      </record_type_node>
      <record_type_node>
        <description>单芯过压恢复</description>
        <value>61</value>
        <type>status</type>
      </record_type_node>
      <record_type_node>
        <description>单芯欠压</description>
        <value>62</value>
        <type>status</type>
      </record_type_node>
      <record_type_node>
        <description>单芯欠压恢复</description>
        <value>63</value>
        <type>status</type>
      </record_type_node>
      <record_type_node>
        <description>总压过压</description>
        <value>64</value>
        <type>status</type>
      </record_type_node>
      <record_type_node>
        <description>总压过压恢复</description>
        <value>65</value>
        <type>status</type>
      </record_type_node>
      <record_type_node>
        <description>总压欠压</description>
        <value>66</value>
        <type>status</type>
      </record_type_node>
      <record_type_node>
        <description>总压欠压恢复</description>
        <value>67</value>
        <type>status</type>
      </record_type_node>
      <record_type_node>
        <description>压差大</description>
        <value>68</value>
        <type>status</type>
      </record_type_node>
      <record_type_node>
        <description>压差大恢复</description>
        <value>69</value>
        <type>status</type>
      </record_type_node>
      <record_type_node>
        <description>反接</description>
        <value>6A</value>
        <type>status</type>
      </record_type_node>
      <record_type_node>
        <description>反接恢复</description>
        <value>6B</value>
        <type>status</type>
      </record_type_node>
      <record_type_node>
        <description>断线</description>
        <value>6C</value>
        <type>status</type>
      </record_type_node>
      <record_type_node>
        <description>断线恢复</description>
        <value>6D</value>
        <type>status</type>
      </record_type_node>
           
      <record_type_node>
        <description>充电过流1</description>
        <value>70</value>
        <type>status</type>
      </record_type_node>
      <record_type_node>
        <description>充电过流1恢复</description>
        <value>71</value>
        <type>status</type>
      </record_type_node>
      <record_type_node>
        <description>充电过流2</description>
        <value>72</value>
        <type>status</type>
      </record_type_node>
      <record_type_node>
        <description>充电过流2恢复</description>
        <value>73</value>
        <type>status</type>
      </record_type_node>
      <record_type_node>
        <description>放电过流1</description>
        <value>74</value>
        <type>status</type>
      </record_type_node>
      <record_type_node>
        <description>放电过流1恢复</description>
        <value>75</value>
        <type>status</type>
      </record_type_node>
      <record_type_node>
        <description>放电过流2</description>
        <value>76</value>
        <type>status</type>
      </record_type_node>
      <record_type_node>
        <description>放电过流2恢复</description>
        <value>77</value>
        <type>status</type>
      </record_type_node>
      <record_type_node>
        <description>短路</description>
        <value>78</value>
        <type>status</type>
      </record_type_node>
      <record_type_node>
        <description>短路恢复</description>
        <value>79</value>
        <type>status</type>
      </record_type_node>

      <record_type_node>
        <description>充电高温</description>
        <value>80</value>
        <type>status</type>
      </record_type_node>
      <record_type_node>
        <description>充电高温恢复</description>
        <value>81</value>
        <type>status</type>
      </record_type_node>
      <record_type_node>
        <description>充电低温</description>
        <value>82</value>
        <type>status</type>
      </record_type_node>
      <record_type_node>
        <description>充电低温恢复</description>
        <value>83</value>
        <type>status</type>
      </record_type_node>
      <record_type_node>
        <description>放电高温</description>
        <value>84</value>
        <type>status</type>
      </record_type_node>
      <record_type_node>
        <description>放电高温恢复</description>
        <value>85</value>
        <type>status</type>
      </record_type_node>
      <record_type_node>
        <description>放电低温</description>
        <value>86</value>
        <type>status</type>
      </record_type_node>
      <record_type_node>
        <description>放电低温恢复</description>
        <value>87</value>
        <type>status</type>
      </record_type_node>
      <record_type_node>
        <description>电芯温差大</description>
        <value>88</value>
        <type>status</type>
      </record_type_node>
      <record_type_node>
        <description>电芯温差大恢复</description>
        <value>89</value>
        <type>status</type>
      </record_type_node>
      <record_type_node>
        <description>MOS高温</description>
        <value>8A</value>
        <type>status</type>
      </record_type_node>
      <record_type_node>
        <description>MOS高温恢复</description>
        <value>8B</value>
        <type>status</type>
      </record_type_node>
      <record_type_node>
        <description>电芯温度采样异常</description>
        <value>8C</value>
        <type>status</type>
      </record_type_node>
      <record_type_node>
        <description>电芯温差采样恢复</description>
        <value>8D</value>
        <type>status</type>
      </record_type_node>
      <record_type_node>
        <description>MOS温度采样异常</description>
        <value>8E</value>
        <type>status</type>
      </record_type_node>
      <record_type_node>
        <description>MOS温度采样恢复</description>
        <value>8F</value>
        <type>status</type>
      </record_type_node>

      <record_type_node>
        <description>外包进水</description>
        <value>90</value>
        <type>status</type>
      </record_type_node>
      <record_type_node>
        <description>外包进水恢复</description>
        <value>91</value>
        <type>status</type>
      </record_type_node>
      <record_type_node>
        <description>内包进水</description>
        <value>92</value>
        <type>status</type>
      </record_type_node>
      <record_type_node>
        <description>内包进水恢复</description>
        <value>93</value>
        <type>status</type>
      </record_type_node>

      <record_type_node>
        <description>DET闭合</description>
        <value>A0</value>
        <type>status</type>
      </record_type_node>
      <record_type_node>
        <description>DET断开</description>
        <value>A1</value>
        <type>status</type>
      </record_type_node>
      <record_type_node>
        <description>低容量</description>
        <value>A8</value>
        <type>status</type>
      </record_type_node>
      <record_type_node>
        <description>低容量恢复</description>
        <value>A9</value>
        <type>status</type>
      </record_type_node>
      <record_type_node>
        <description>MTP通讯异常</description>
        <value>AA</value>
        <type>status</type>
      </record_type_node>
      <record_type_node>
        <description>MTP通讯恢复</description>
        <value>AB</value>
        <type>status</type>
      </record_type_node>
      <record_type_node>
        <description>失效保护开启</description>
        <value>AE</value>
        <type>status</type>
      </record_type_node>
      <record_type_node>
        <description>失效保护关闭</description>
        <value>AF</value>
        <type>status</type>
      </record_type_node>

      <record_type_node>
        <description>SOC为100</description>
        <value>B0</value>
        <type>status</type>
      </record_type_node>
      <record_type_node>
        <description>SOC为0</description>
        <value>B1</value>
        <type>status</type>
      </record_type_node>
      <record_type_node>
        <description>电芯温感异常且参与控制</description>
        <value>B8</value>
        <type>status</type>
      </record_type_node>
      <record_type_node>
        <description>电芯电压异常且参与控制</description>
        <value>B9</value>
        <type>status</type>
      </record_type_node>
      <record_type_node>
        <description>MOS温感异常且参与控制</description>
        <value>BA</value>
        <type>status</type>
      </record_type_node>
      <record_type_node>
        <description>充电MOS损坏</description>
        <value>BB</value>
        <type>status</type>
      </record_type_node>
      <record_type_node>
        <description>放电MOS损坏</description>
        <value>BC</value>
        <type>status</type>
      </record_type_node>
    </record_type>
    <pack_info>
      <pack_info_node>
        <pack_info_bit>
          <bit>13</bit>
          <value>1</value>
          <description>加密</description>
        </pack_info_bit>
        <pack_info_bit>
          <bit>13</bit>
          <value>0</value>
          <description>不加密</description>
        </pack_info_bit>
      </pack_info_node>
      <pack_info_node>
        <pack_info_bit>
          <bit>12</bit>
          <value>1</value>
          <description>已校准 </description>
        </pack_info_bit>
        <pack_info_bit>
          <bit>12</bit>
          <value>0</value>
          <description>未校准</description>
        </pack_info_bit>
      </pack_info_node>
      <pack_info_node>
        <pack_info_bit>
          <bit>11</bit>
          <value>1</value>
          <description>外部LDO发生过过流  </description>
        </pack_info_bit>
        <pack_info_bit>
          <bit>11</bit>
          <value>0</value>
          <description>外部LDO未发生过过流</description>
        </pack_info_bit>
      </pack_info_node>
      <pack_info_node>
        <pack_info_bit>
          <bit>10</bit>
          <value>1</value>
          <description>满充容量更新有效  </description>
        </pack_info_bit>
        <pack_info_bit>
          <bit>10</bit>
          <value>0</value>
          <description>满充容量更新无效</description>
        </pack_info_bit>
      </pack_info_node>
      <pack_info_node>
        <pack_info_bit>
          <bit>9</bit>
          <value>1</value>
          <description>放电截止 </description>
        </pack_info_bit>
        <pack_info_bit>
          <bit>9</bit>
          <value>0</value>
          <description>未放电截止</description>
        </pack_info_bit>
      </pack_info_node>
      <pack_info_node>
        <pack_info_bit>
          <bit>8</bit>
          <value>1</value>
          <description>充电截止 </description>
        </pack_info_bit>
        <pack_info_bit>
          <bit>8</bit>
          <value>0</value>
          <description>未充电截止</description>
        </pack_info_bit>
      </pack_info_node>
      <pack_info_node>
        <pack_info_bit>
          <bit>7</bit>
          <value>1</value>
          <description>充电状态  </description>
        </pack_info_bit>
        <pack_info_bit>
          <bit>7</bit>
          <value>0</value>
          <description>非充电状态</description>
        </pack_info_bit>
      </pack_info_node>
      <pack_info_node>
        <pack_info_bit>
          <bit>6</bit>
          <value>1</value>
          <description>放电状态  </description>
        </pack_info_bit>
        <pack_info_bit>
          <bit>6</bit>
          <value>0</value>
          <description>非放电状态</description>
        </pack_info_bit>
      </pack_info_node>
      <pack_info_node>
        <pack_info_bit>
          <bit>4</bit>
          <value>1</value>
          <description>充电限流板开 </description>
        </pack_info_bit>
        <pack_info_bit>
          <bit>4</bit>
          <value>0</value>
          <description>充电限流板关</description>
        </pack_info_bit>
      </pack_info_node>
      <pack_info_node>
        <pack_info_bit>
          <bit>3</bit>
          <value>1</value>
          <description>发生低电压禁止充电  </description>
        </pack_info_bit>
        <pack_info_bit>
          <bit>3</bit>
          <value>0</value>
          <description>未发生低电压禁止充电</description>
        </pack_info_bit>
      </pack_info_node>
      <pack_info_node>
        <pack_info_bit>
          <bit>2</bit>
          <value>1</value>
          <description>预充电MOSFET开启</description>
        </pack_info_bit>
        <pack_info_bit>
          <bit>2</bit>
          <value>0</value>
          <description>预充电MOSFET关闭</description>
        </pack_info_bit>
      </pack_info_node>
      <pack_info_node>
        <pack_info_bit>
          <bit>1</bit>
          <value>1</value>
          <description>充电MOSFET开启 </description>
        </pack_info_bit>
        <pack_info_bit>
          <bit>1</bit>
          <value>0</value>
          <description>充电MOSFET关闭</description>
        </pack_info_bit>
      </pack_info_node>
      <pack_info_node>
        <pack_info_bit>
          <bit>0</bit>
          <value>1</value>
          <description>放电MOSFET开启 </description>
        </pack_info_bit>
        <pack_info_bit>
          <bit>0</bit>
          <value>0</value>
          <description>放电MOSFET关闭</description>
        </pack_info_bit>
      </pack_info_node>
    </pack_info>
    
    <battery_info>
      <battery_info_node>
        <battery_info_bit>
          <bit>11</bit>
          <value>1</value>
          <description>发生放电高温保护</description>
        </battery_info_bit>
        <battery_info_bit>
          <bit>11</bit>
          <value>0</value>
          <description>未发生放电高温保护</description>
        </battery_info_bit>
      </battery_info_node>
      <battery_info_node>
        <battery_info_bit>
          <bit>10</bit>
          <value>1</value>
          <description>发生放电低温保护</description>
        </battery_info_bit>
        <battery_info_bit>
          <bit>10</bit>
          <value>0</value>
          <description>未发生放电低温保护</description>
        </battery_info_bit>
      </battery_info_node>
      <battery_info_node>
        <battery_info_bit>
          <bit>9</bit>
          <value>1</value>
          <description>发生充电高温保护</description>
        </battery_info_bit>
        <battery_info_bit>
          <bit>9</bit>
          <value>0</value>
          <description>未发生充电高温保护</description>
        </battery_info_bit>
      </battery_info_node>
      <battery_info_node>
        <battery_info_bit>
          <bit>8</bit>
          <value>1</value>
          <description>发生充电低温保护</description>
        </battery_info_bit>
        <battery_info_bit>
          <bit>8</bit>
          <value>0</value>
          <description>未发生充电低温保护</description>
        </battery_info_bit>
      </battery_info_node>
      <battery_info_node>
        <battery_info_bit>
          <bit>6</bit>
          <value>1</value>
          <description>发生二级保护</description>
        </battery_info_bit>
        <battery_info_bit>
          <bit>6</bit>
          <value>0</value>
          <description>未发生二级保护</description>
        </battery_info_bit>
      </battery_info_node>
      <battery_info_node>
        <battery_info_bit>
          <bit>5</bit>
          <value>1</value>
          <description>发生短路保护</description>
        </battery_info_bit>
        <battery_info_bit>
          <bit>5</bit>
          <value>0</value>
          <description>未发生短路保护</description>
        </battery_info_bit>
      </battery_info_node>
      <battery_info_node>
        <battery_info_bit>
          <bit>4</bit>
          <value>1</value>
          <description>发生充电过流保护</description>
        </battery_info_bit>
        <battery_info_bit>
          <bit>4</bit>
          <value>0</value>
          <description>未发生充电过流保护</description>
        </battery_info_bit>
      </battery_info_node>
      <battery_info_node>
        <battery_info_bit>
          <bit>3</bit>
          <value>1</value>
          <description>发生放电过流2保护</description>
        </battery_info_bit>
        <battery_info_bit>
          <bit>3</bit>
          <value>0</value>
          <description>未发生放电过流2保护</description>
        </battery_info_bit>
      </battery_info_node>
      <battery_info_node>
        <battery_info_bit>
          <bit>2</bit>
          <value>1</value>
          <description>发生放电过流1保护</description>
        </battery_info_bit>
        <battery_info_bit>
          <bit>2</bit>
          <value>0</value>
          <description>未发生放电过流1保护</description>
        </battery_info_bit>
      </battery_info_node>
      <battery_info_node>
        <battery_info_bit>
          <bit>1</bit>
          <value>1</value>
          <description>发生欠压保护</description>
        </battery_info_bit>
        <battery_info_bit>
          <bit>1</bit>
          <value>0</value>
          <description>未发生欠压保护</description>
        </battery_info_bit>
      </battery_info_node>
      <battery_info_node>
        <battery_info_bit>
          <bit>0</bit>
          <value>1</value>
          <description>发生过压保护</description>
        </battery_info_bit>
        <battery_info_bit>
          <bit>0</bit>
          <value>0</value>
          <description>未发生过压保护</description>
        </battery_info_bit>
      </battery_info_node>
    </battery_info>
  </records>

  <didiRecords>
    <record_type>
      <record_type_node>
        <description>系统复位</description>
        <value>20000000</value>
      </record_type_node>
      <record_type_node>
        <description>系统关机</description>
        <value>10000000</value>
      </record_type_node>
      <record_type_node>
        <description>系统开机</description>
        <value>08000000</value>
      </record_type_node>


      <record_type_node>
        <description>非法充电</description>
        <value>04000000</value>
      </record_type_node>
      <record_type_node>
        <description>总压过低保护</description>
        <value>02000000</value>
      </record_type_node>
      <record_type_node>
        <description>总压过高保护</description>
        <value>01000000</value>
      </record_type_node>
      <record_type_node>
        <description>MOS过温</description>
        <value>00800000</value>
      </record_type_node>
      <record_type_node>
        <description>温差过大故障</description>
        <value>00400000</value>
      </record_type_node>
      <record_type_node>
        <description>充电压差过大故障</description>
        <value>00200000</value>
      </record_type_node>
      <record_type_node>
        <description>电芯掉电</description>
        <value>00100000</value>
      </record_type_node>
      <record_type_node>
        <description>放电保护</description>
        <value>00080000</value>
      </record_type_node>
      <record_type_node>
        <description>充电保护</description>
        <value>00040000</value>
      </record_type_node>
      <record_type_node>
        <description>压差过大故障</description>
        <value>00020000</value>
      </record_type_node>
      <record_type_node>
        <description>压差过大告警</description>
        <value>00010000</value>
      </record_type_node>

      <record_type_node>
        <description>电芯故障</description>
        <value>00008000</value>
      </record_type_node>
      <record_type_node>
        <description>放电MOS故障</description>
        <value>00004000</value>
      </record_type_node>
      <record_type_node>
        <description>充电MOS故障</description>
        <value>00002000</value>
      </record_type_node>
      <record_type_node>
        <description>电芯严重过压保护</description>
        <value>00001000</value>
      </record_type_node>
      <record_type_node>
        <description>电芯过压二级保护</description>
        <value>00000800</value>
      </record_type_node>
      <record_type_node>
        <description>电芯过压一级保护</description>
        <value>00000400</value>
      </record_type_node>

      <record_type_node>
        <description>充电低温</description>
        <value>00000200</value>
      </record_type_node>
      <record_type_node>
        <description>充电过温</description>
        <value>00000100</value>
      </record_type_node>


      <record_type_node>
        <description>充电过流</description>
        <value>00000080</value>
      </record_type_node>
      <record_type_node>
        <description>二级欠压保护</description>
        <value>00000040</value>
      </record_type_node>
      <record_type_node>
        <description>欠压保护</description>
        <value>00000020</value>
      </record_type_node>
      <record_type_node>
        <description>短路保护</description>
        <value>00000010</value>
      </record_type_node>
      <record_type_node>
        <description>放电低温</description>
        <value>00000008</value>
      </record_type_node>
      <record_type_node>
        <description>放电过温</description>
        <value>00000004</value>
      </record_type_node>
      <record_type_node>
        <description>放电二级过流</description>
        <value>00000002</value>
      </record_type_node>
      <record_type_node>
        <description>放电一级过流</description>
        <value>00000001</value>
      </record_type_node>
    </record_type>
  </didiRecords>
</root>